track_name,artist,streams,collab_songs,type,genres,collab_individuals,country
Blinding Lights,The Weeknd,3703895074.0,123,Man,"Alternative r&b, Contemporary r&b, Dance-pop, Hypnagogic pop, R&b, Synth-pop",44,Canada
Shape of You,Ed Sheeran,3562543890.0,51,Man,Sense dades,36,United Kingdom
Dance Monkey,Tones and I,2864791672.0,1,Woman,"Dance-pop, Indie pop, Pop",3,Other countries
Believer,Imagine Dragons,2594040133.0,12,Band,"Alternative rock, Indie pop, Indietronica, Pop, Pop rock, Rock",10,United States
Perfect,Ed Sheeran,2559529074.0,51,Man,Sense dades,36,United Kingdom
As It Was,Harry Styles,2513188493.0,3,Man,"Funk, New wave, Pop, Rock, Soft rock, Soul, Synth-pop",4,United Kingdom
Say You Won't Let Go,James Arthur,2420461338.0,6,Man,"Pop, Pop soul",5,United Kingdom
Watermelon Sugar,Harry Styles,2322580122.0,3,Man,"Funk, New wave, Pop, Rock, Soft rock, Soul, Synth-pop",4,United Kingdom
Don't Start Now,Dua Lipa,2303033973.0,39,Woman,Sense dades,27,United Kingdom
Lucid Dreams,Juice WRLD,2288695111.0,78,Man,"Emo rap, Hip hop, Trap",28,United States
Thinking Out Loud,Ed Sheeran,2280566092.0,51,Man,Sense dades,36,United Kingdom
Photograph,Ed Sheeran,2236667932.0,51,Man,Sense dades,36,United Kingdom
Bohemian Rhapsody - Remastered 2011,Queen,2197010679.0,8,Band,"Arena rock, Art rock, Baroque pop, Classic rock, Glam rock, Hard rock, Heavy metal, Pop, Pop rock, Progressive rock, Rock, Symphonic rock",5,United Kingdom
Circles,Post Malone,2132335812.0,60,Man,"Contemporary r&b, Hip hop, Pop rap, Trap",38,United States
Love Yourself,Justin Bieber,2123309722.0,90,Man,"Pop, Teen pop",53,Canada
All of Me,John Legend,2086124197.0,83,Man,"Neo soul, R&b, Soul",23,United States
Counting Stars,OneRepublic,2011464183.0,9,Band,"Folk pop, Pop, Pop rock, Rock",5,United States
Wake Me Up - Radio Edit,Avicii,1970673297.0,6,Man,"Dance-pop, Edm, Electro house, Electronic, Electropop, Funky house, House, Progressive house",8,Other countries
The Hills,The Weeknd,1947371785.0,123,Man,"Alternative r&b, Contemporary r&b, Dance-pop, Hypnagogic pop, R&b, Synth-pop",44,Canada
HUMBLE.,Kendrick Lamar,1929770265.0,248,Man,"Conscious hip hop, Experimental hip hop, Funk, Hardcore hip hop, Hip hop, Jazz rap, Neo soul, Political hip hop, Pop, Pop rap, R&b, West coast hip hop",45,United States
Demons,Imagine Dragons,1840364617.0,12,Band,"Alternative rock, Indie pop, Indietronica, Pop, Pop rock, Rock",10,United States
Lose Yourself - Soundtrack Version,Eminem,1829992958.0,366,Man,"Hardcore hip hop, Hip hop, Horrorcore, Pop rap",32,United States
No Role Modelz,J. Cole,1791000570.0,51,Man,Sense dades,29,United States
Memories,Maroon 5,1759567999.0,30,Band,"Dance-pop, Funk rock, Pop, Pop rock, Rock",26,United States
MONTERO (Call Me By Your Name),Lil Nas X,1735441776.0,8,Man,"Hip hop, Pop rap, Trap",10,United States
There's Nothing Holdin' Me Back,Shawn Mendes,1714490998.0,15,Man,"Folk pop, Pop, Pop rock, Pop soul, Teen pop",9,Canada
Dynamite,BTS,1692897992.0,19,Band,"K-pop, Pop",13,South Korea
Smells Like Teen Spirit - Remastered 2021,Nirvana,1690192927.0,1,Band,"Acoustic rock, Alternative rock, Experimental, Grunge, Indie rock, Noise rock, Punk, Punk rock, Rock",3,United States
Without Me,Eminem,1687664027.0,366,Man,"Hardcore hip hop, Hip hop, Horrorcore, Pop rap",32,United States
When I Was Your Man,Bruno Mars,1661187319.0,37,Man,"Funk, Pop, R&b, Rock, Soul",22,United States
Die For You,The Weeknd,1647990401.0,123,Man,"Alternative r&b, Contemporary r&b, Dance-pop, Hypnagogic pop, R&b, Synth-pop",44,Canada
Just The Way You Are,Bruno Mars,1641426668.0,37,Man,"Funk, Pop, R&b, Rock, Soul",22,United States
The Scientist,Coldplay,1608164312.0,37,Band,"Alternative rock, Britpop, Dream pop, Indie pop, Indie rock, Piano rock, Pop, Pop rock, Post-britpop, Rock",14,United Kingdom
Viva La Vida,Coldplay,1592909789.0,37,Band,"Alternative rock, Britpop, Dream pop, Indie pop, Indie rock, Piano rock, Pop, Pop rock, Post-britpop, Rock",14,United Kingdom
Save Your Tears,The Weeknd,1591223784.0,123,Man,"Alternative r&b, Contemporary r&b, Dance-pop, Hypnagogic pop, R&b, Synth-pop",44,Canada
Bad Habits,Ed Sheeran,1555511105.0,51,Man,Sense dades,36,United Kingdom
Locked Out Of Heaven,Bruno Mars,1481349984.0,37,Man,"Funk, Pop, R&b, Rock, Soul",22,United States
Rolling in the Deep,Adele,1472799873.0,9,Woman,"Blue-eyed soul, Neo soul, Pop, Pop soul, R&b, Soul",9,United Kingdom
The Nights,Avicii,1456081449.0,6,Man,"Dance-pop, Edm, Electro house, Electronic, Electropop, Funky house, House, Progressive house",8,Other countries
Call Out My Name,The Weeknd,1449799467.0,123,Man,"Alternative r&b, Contemporary r&b, Dance-pop, Hypnagogic pop, R&b, Synth-pop",44,Canada
About Damn Time,Lizzo,1447788946.0,6,Woman,"Hip hop, R&b",5,United States
Adore You,Harry Styles,1439191367.0,3,Man,"Funk, New wave, Pop, Rock, Soft rock, Soul, Synth-pop",4,United Kingdom
The Real Slim Shady,Eminem,1424589568.0,366,Man,"Hardcore hip hop, Hip hop, Horrorcore, Pop rap",32,United States
Easy On Me,Adele,1406111294.0,9,Woman,"Blue-eyed soul, Neo soul, Pop, Pop soul, R&b, Soul",9,United Kingdom
Blank Space,Taylor Swift,1355959075.0,20,Woman,"Americana, Chamber pop, Contemporary country, Country, Country pop, Folk pop, Indie folk, Indie pop, Pop, Pop rock, Singer-songwriter, Synth-pop",10,United States
Woman,Doja Cat,1329090101.0,35,Woman,"Hip hop, Pop, Pop rap, Trap, West coast hip hop",19,United States
Pepas,Farruko,1309887447.0,150,Man,"Latin, Reggaeton",43,Puerto Rico
Shivers,Ed Sheeran,1302184087.0,51,Man,Sense dades,36,United Kingdom
Titi Me Preguntï¿,Bad Bunny,1264310836.0,104,Man,"Hip hop, Latin, Reggaeton",39,Puerto Rico
Yonaguni,Bad Bunny,1260594497.0,104,Man,"Hip hop, Latin, Reggaeton",39,Puerto Rico
positions,Ariana Grande,1252563873.0,86,Woman,"Blue-eyed soul, Pop, R&b, Trap",33,United States
Mockingbird,Eminem,1241559043.0,366,Man,"Hardcore hip hop, Hip hop, Horrorcore, Pop rap",32,United States
La Bachata,Manuel Turizo,1214083358.0,36,Man,"Latin, Reggaeton",25,Colombia
In Da Club,50 Cent,1202722675.0,241,Man,"East coast hip hop, Gangsta rap, Hardcore hip hop, Hip hop, Pop rap",26,United States
Hope,XXXTENTACION,1200808494.0,27,Man,"Hip hop, Trap",15,United States
you broke me first,Tate McRae,1180094974.0,10,Woman,"Pop, Pop rock",4,Canada
Todo De Ti,Rauw Alejandro,1168642797.0,86,Man,"Hip hop, Latin, Reggaeton",42,Puerto Rico
Ghost,Justin Bieber,1167330737.0,90,Man,"Pop, Teen pop",53,Canada
Set Fire to the Rain,Adele,1163620694.0,9,Woman,"Blue-eyed soul, Neo soul, Pop, Pop soul, R&b, Soul",9,United Kingdom
Kill Bill,SZA,1163093654.0,46,Woman,"Chillwave, Contemporary r&b, Electronic, Hip hop soul, Neo soul, R&b",27,United States
Butter,BTS,1143647827.0,19,Band,"K-pop, Pop",13,South Korea
SLOW DANCING IN THE DARK,Joji,1122364376.0,2,Man,"Ballad, Lo-fi hip hop",2,United States
Shake It Off,Taylor Swift,1113838873.0,20,Woman,"Americana, Chamber pop, Contemporary country, Country, Country pop, Folk pop, Indie folk, Indie pop, Pop, Pop rock, Singer-songwriter, Synth-pop",10,United States
I Ain't Worried,OneRepublic,1085685420.0,9,Band,"Folk pop, Pop, Pop rock, Rock",5,United States
Talking To The Moon,Bruno Mars,1062956628.0,37,Man,"Funk, Pop, R&b, Rock, Soul",22,United States
Happier Than Ever,Billie Eilish,1056760045.0,7,Woman,"Alternative pop, Alternative r&b, Art pop, Bedroom pop, Downtempo, Electronica, Electropop, Indie pop, Lo-fi, Pop, Singer-songwriter, Teen pop",7,United States
Efecto,Bad Bunny,1047480053.0,104,Man,"Hip hop, Latin, Reggaeton",39,Puerto Rico
Need To Know,Doja Cat,1042568408.0,35,Woman,"Hip hop, Pop, Pop rap, Trap, West coast hip hop",19,United States
Falling,Harry Styles,1023187129.0,3,Man,"Funk, New wave, Pop, Rock, Soft rock, Soul, Synth-pop",4,United Kingdom
Revenge,XXXTENTACION,1022258230.0,27,Man,"Hip hop, Trap",15,United States
Anti-Hero,Taylor Swift,999748277.0,20,Woman,"Americana, Chamber pop, Contemporary country, Country, Country pop, Folk pop, Indie folk, Indie pop, Pop, Pop rock, Singer-songwriter, Synth-pop",10,United States
Glimpse of Us,Joji,988515741.0,2,Man,"Ballad, Lo-fi hip hop",2,United States
Summertime Sadness,Lana Del Rey,983637508.0,19,Woman,"Alternative pop, Americana, Art pop, Ballad, Chamber pop, Dream pop, Electronic, Indie pop, Neo-psychedelia, Pop, Singer-songwriter, Trip hop",7,United States
Unstoppable,Sia,939844851.0,62,Woman,Sense dades,25,Other countries
Under The Influence,Chris Brown,929964809.0,257,Man,"Contemporary r&b, Dance, Electro house, Electropop, Hip hop, Pop, R&b, Trap",45,United States
THATS WHAT I WANT,Lil Nas X,920797189.0,8,Man,"Hip hop, Pop rap, Trap",10,United States
Dark Red,Steve Lacy,920045682.0,4,Man,"Avant-garde jazz, Free improvisation, Free jazz, Jazz, Post-bop, Vocal jazz",3,United States
Moscow Mule,Bad Bunny,909001996.0,104,Man,"Hip hop, Latin, Reggaeton",39,Puerto Rico
Heartless,Kanye West,887906111.0,295,Man,"Christian hip hop, Electropop, Gospel, Hip hop, Pop, Pop rap",53,United States
Lover,Taylor Swift,882831184.0,20,Woman,"Americana, Chamber pop, Contemporary country, Country, Country pop, Folk pop, Indie folk, Indie pop, Pop, Pop rock, Singer-songwriter, Synth-pop",10,United States
Streets,Doja Cat,865640097.0,35,Woman,"Hip hop, Pop, Pop rap, Trap, West coast hip hop",19,United States
Bones,Imagine Dragons,838079900.0,12,Band,"Alternative rock, Indie pop, Indietronica, Pop, Pop rock, Rock",10,United States
Santa Tell Me,Ariana Grande,834129063.0,86,Woman,"Blue-eyed soul, Pop, R&b, Trap",33,United States
Good Days,SZA,826623384.0,46,Woman,"Chillwave, Contemporary r&b, Electronic, Hip hop soul, Neo soul, R&b",27,United States
Bad Habit,Steve Lacy,822633917.0,4,Man,"Avant-garde jazz, Free improvisation, Free jazz, Jazz, Post-bop, Vocal jazz",3,United States
Lost,Frank Ocean,822239726.0,48,Man,"Contemporary r&b, Pop, R&b",13,United States
cardigan,Taylor Swift,812019557.0,20,Woman,"Americana, Chamber pop, Contemporary country, Country, Country pop, Folk pop, Indie folk, Indie pop, Pop, Pop rock, Singer-songwriter, Synth-pop",10,United States
Golden,Harry Styles,807015863.0,3,Man,"Funk, New wave, Pop, Rock, Soft rock, Soul, Synth-pop",4,United Kingdom
Pink + White,Frank Ocean,806397070.0,48,Man,"Contemporary r&b, Pop, R&b",13,United States
Cruel Summer,Taylor Swift,800840817.0,20,Woman,"Americana, Chamber pop, Contemporary country, Country, Country pop, Folk pop, Indie folk, Indie pop, Pop, Pop rock, Singer-songwriter, Synth-pop",10,United States
RAPSTAR,Polo G,797402345.0,48,Man,"Chicago drill, Drill, Hip hop, Trap",20,United States
Levitating,Dua Lipa,797196073.0,39,Woman,Sense dades,27,United Kingdom
Style,Taylor Swift,786181836.0,20,Woman,"Americana, Chamber pop, Contemporary country, Country, Country pop, Folk pop, Indie folk, Indie pop, Pop, Pop rock, Singer-songwriter, Synth-pop",10,United States
Bored,Billie Eilish,777765388.0,7,Woman,"Alternative pop, Alternative r&b, Art pop, Bedroom pop, Downtempo, Electronica, Electropop, Indie pop, Lo-fi, Pop, Singer-songwriter, Teen pop",7,United States
golden hour,JVKE,751134527.0,10,Man,"Alternative pop, Indie pop, Pop",4,United States
Late Night Talking,Harry Styles,743693613.0,3,Man,"Funk, New wave, Pop, Rock, Soft rock, Soul, Synth-pop",4,United Kingdom
Bound 2,Kanye West,703301727.0,295,Man,"Christian hip hop, Electropop, Gospel, Hip hop, Pop, Pop rap",53,United States
After Hours,The Weeknd,698086140.0,123,Man,"Alternative r&b, Contemporary r&b, Dance-pop, Hypnagogic pop, R&b, Synth-pop",44,Canada
First Class,Jack Harlow,694525298.0,19,Man,Hip hop,15,United States
Snowman,Sia,690104769.0,62,Woman,Sense dades,25,Other countries
A Tu Merced,Bad Bunny,685071800.0,104,Man,"Hip hop, Latin, Reggaeton",39,Puerto Rico
Donï¿½ï¿½ï¿½t Bl,Taylor Swift,685032533.0,20,Woman,"Americana, Chamber pop, Contemporary country, Country, Country pop, Folk pop, Indie folk, Indie pop, Pop, Pop rock, Singer-songwriter, Synth-pop",10,United States
Reminder,The Weeknd,684675814.0,123,Man,"Alternative r&b, Contemporary r&b, Dance-pop, Hypnagogic pop, R&b, Synth-pop",44,Canada
Una Noche en Medellï¿½,Cris Mj,682475162.0,1,Man,Sense dades,3,Other countries
Cool for the Summer,Demi Lovato,677389855.0,22,Non-binary,"Dance-pop, Electropop, Pop, Pop rock, Teen pop",19,United States
Neverita,Bad Bunny,671365962.0,104,Man,"Hip hop, Latin, Reggaeton",39,Puerto Rico
Gasolina,Daddy Yankee,657723613.0,95,Man,"Hip hop, Latin, Latin pop, Reggae, Reggaeton",34,Puerto Rico
Mistletoe,Justin Bieber,629173063.0,90,Man,"Pop, Teen pop",53,Canada
Sparks,Coldplay,624101957.0,37,Band,"Alternative rock, Britpop, Dream pop, Indie pop, Indie rock, Piano rock, Pop, Pop rock, Post-britpop, Rock",14,United Kingdom
Enchanted,Taylor Swift,621660989.0,20,Woman,"Americana, Chamber pop, Contemporary country, Country, Country pop, Folk pop, Indie folk, Indie pop, Pop, Pop rock, Singer-songwriter, Synth-pop",10,United States
Permission to Dance,BTS,608334048.0,19,Band,"K-pop, Pop",13,South Korea
august,Taylor Swift,607123776.0,20,Woman,"Americana, Chamber pop, Contemporary country, Country, Country pop, Folk pop, Indie folk, Indie pop, Pop, Pop rock, Singer-songwriter, Synth-pop",10,United States
Feliz Cumpleaï¿½ï¿½os Fe,Feid,601863821.0,78,Man,"Latin, Reggaeton",33,Colombia
Only Love Can Hurt Like This,Paloma Faith,588955257.0,3,Woman,"Art pop, Dance-pop, Neo soul, R&b",3,United Kingdom
All Too Well (10 Minute Version) (Taylor's Version) (From The Vault),Taylor Swift,583687007.0,20,Woman,"Americana, Chamber pop, Contemporary country, Country, Country pop, Folk pop, Indie folk, Indie pop, Pop, Pop rock, Singer-songwriter, Synth-pop",10,United States
Still Don't Know My Name,Labrinth,563902868.0,14,Man,Sense dades,8,United Kingdom
Take My Breath,The Weeknd,563358137.0,123,Man,"Alternative r&b, Contemporary r&b, Dance-pop, Hypnagogic pop, R&b, Synth-pop",44,Canada
Formula,Labrinth,554875730.0,14,Man,Sense dades,8,United Kingdom
Envolver,Anitta,546191065.0,52,Woman,"Funk, Latin, Pop, Pop soul, Reggaeton, Teen pop",42,Brazil
Yo Voy (feat. Daddy Yankee),Zion & Lennox,527033089.0,80,Band,"Latin, Reggaeton",34,Puerto Rico
Get Into It (Yuh),Doja Cat,516784627.0,35,Woman,"Hip hop, Pop, Pop rap, Trap, West coast hip hop",19,United States
Sobrio,Maluma,513643924.0,61,Man,"Latin, Latin pop, Reggaeton",40,Colombia
Sky,Playboi Carti,506778838.0,65,Man,"Cloud rap, Hip hop, Plugg, Southern hip hop, Trap",16,United States
Light Switch,Charlie Puth,500340342.0,19,Man,Pop,13,United States
Ain't Shit,Doja Cat,499710590.0,35,Woman,"Hip hop, Pop, Pop rap, Trap, West coast hip hop",19,United States
Boyfriend,Dove Cameron,496311364.0,5,Woman,"Alternative pop, Pop, Teen pop",4,United States
Lavender Haze,Taylor Swift,488386797.0,20,Woman,"Americana, Chamber pop, Contemporary country, Country, Country pop, Folk pop, Indie folk, Indie pop, Pop, Pop rock, Singer-songwriter, Synth-pop",10,United States
Doja,Central Cee,482257456.0,9,Man,"Grime, Hip hop, Trap, Uk drill",7,United Kingdom
Mount Everest,Labrinth,467727006.0,14,Man,Sense dades,8,United Kingdom
Oh My God,Adele,466214729.0,9,Woman,"Blue-eyed soul, Neo soul, Pop, Pop soul, R&b, Soul",9,United Kingdom
Cï¿½ï¿½,Rauw Alejandro,465959382.0,86,Man,"Hip hop, Latin, Reggaeton",42,Puerto Rico
Despuï¿½ï¿½s de la P,Bad Bunny,461558540.0,104,Man,"Hip hop, Latin, Reggaeton",39,Puerto Rico
Normal,Feid,459276435.0,78,Man,"Latin, Reggaeton",33,Colombia
Just Wanna Rock,Lil Uzi Vert,457184829.0,153,Non-binary,"East coast hip hop, Emo rap, Hip hop, Pop rap, Trap",34,United States
Vegas (From the Original Motion Picture Soundtrack ELVIS),Doja Cat,448500832.0,35,Woman,"Hip hop, Pop, Pop rap, Trap, West coast hip hop",19,United States
Me and Your Mama,Childish Gambino,445590495.0,16,Man,"Hip hop, R&b",12,United States
Midnight Rain,Taylor Swift,433356509.0,20,Woman,"Americana, Chamber pop, Contemporary country, Country, Country pop, Folk pop, Indie folk, Indie pop, Pop, Pop rock, Singer-songwriter, Synth-pop",10,United States
OMG,NewJeans,430977451.0,5,Band,Sense dades,4,South Korea
Super Freaky Girl,Nicki Minaj,428685680.0,284,Woman,"Electronic, Hip hop, Pop, Pop rap, R&b",60,United States
Fuera del mercado,Danny Ocean,421365166.0,11,Man,"Latin, Reggaeton",10,United States
Un Ratito,Bad Bunny,417230415.0,104,Man,"Hip hop, Latin, Reggaeton",39,Puerto Rico
Happier Than Ever - Edit,Billie Eilish,412795151.0,7,Woman,"Alternative pop, Alternative r&b, Art pop, Bedroom pop, Downtempo, Electronica, Electropop, Indie pop, Lo-fi, Pop, Singer-songwriter, Teen pop",7,United States
Angel Baby,Troye Sivan,408843328.0,19,Man,"Electropop, Pop, Synth-pop",10,Other countries
Karma,Taylor Swift,404562836.0,20,Woman,"Americana, Chamber pop, Contemporary country, Country, Country pop, Folk pop, Indie folk, Indie pop, Pop, Pop rock, Singer-songwriter, Synth-pop",10,United States
Un Coco,Bad Bunny,403231558.0,104,Man,"Hip hop, Latin, Reggaeton",39,Puerto Rico
Snooze,SZA,399686758.0,46,Woman,"Chillwave, Contemporary r&b, Electronic, Hip hop soul, Neo soul, R&b",27,United States
Ditto,NewJeans,397582059.0,5,Band,Sense dades,4,South Korea
Jordan,Ryan Castro,394030335.0,14,Man,"Latin, Reggaeton",13,Colombia
Is There Someone Else?,The Weeknd,391251368.0,123,Man,"Alternative r&b, Contemporary r&b, Dance-pop, Hypnagogic pop, R&b, Synth-pop",44,Canada
Punto G,Quevedo,381161027.0,16,Man,Sense dades,16,Spain
Praise God,Kanye West,376333030.0,295,Man,"Christian hip hop, Electropop, Gospel, Hip hop, Pop, Pop rap",53,United States
Bloody Mary,Lady Gaga,372476382.0,33,Woman,"Art pop, Dance, Dance-pop, Disco, Electronic, Electropop, Pop, Pop rock, Synth-pop",22,United States
Something In The Way - Remastered 2021,Nirvana,368646862.0,1,Band,"Acoustic rock, Alternative rock, Experimental, Grunge, Indie rock, Noise rock, Punk, Punk rock, Rock",3,United States
Matilda,Harry Styles,366214458.0,3,Man,"Funk, New wave, Pop, Rock, Soft rock, Soul, Synth-pop",4,United Kingdom
Hype Boy,NewJeans,363472647.0,5,Band,Sense dades,4,South Korea
Acapulco,Jason Derulo,363467642.0,49,Man,"Contemporary r&b, Dance, Dance-pop, Pop, R&b",24,United States
Like Crazy,Jimin,363369738.0,10,Man,"Ballad, Dance-pop, Edm, Pop, R&b",5,South Korea
Vista Al Mar,Quevedo,362361576.0,16,Man,Sense dades,16,Spain
I Hate U,SZA,356709897.0,46,Woman,"Chillwave, Contemporary r&b, Electronic, Hip hop soul, Neo soul, R&b",27,United States
You Belong With Me (Taylorï¿½ï¿½ï¿½s Ve,Taylor Swift,350381515.0,20,Woman,"Americana, Chamber pop, Contemporary country, Country, Country pop, Folk pop, Indie folk, Indie pop, Pop, Pop rock, Singer-songwriter, Synth-pop",10,United States
"You're On Your Own, Kid",Taylor Swift,348647203.0,20,Woman,"Americana, Chamber pop, Contemporary country, Country, Country pop, Folk pop, Indie folk, Indie pop, Pop, Pop rock, Singer-songwriter, Synth-pop",10,United States
this is what falling in love feels like,JVKE,346127840.0,10,Man,"Alternative pop, Indie pop, Pop",4,United States
CHORRITO PA LAS ANIMAS,Feid,345031710.0,78,Man,"Latin, Reggaeton",33,Colombia
she's all i wanna be,Tate McRae,343197054.0,10,Woman,"Pop, Pop rock",4,Canada
Super Gremlin,Kodak Black,342779426.0,52,Man,"Hip hop, Southern hip hop, Trap",28,United States
Out of Time,The Weeknd,339659802.0,123,Man,"Alternative r&b, Contemporary r&b, Dance-pop, Hypnagogic pop, R&b, Synth-pop",44,Canada
Demasiadas Mujeres,C. Tangana,339473453.0,10,Man,Hip hop,12,Spain
TV,Billie Eilish,338564981.0,7,Woman,"Alternative pop, Alternative r&b, Art pop, Bedroom pop, Downtempo, Electronica, Electropop, Indie pop, Lo-fi, Pop, Singer-songwriter, Teen pop",7,United States
Dos Mil 16,Bad Bunny,338422004.0,104,Man,"Hip hop, Latin, Reggaeton",39,Puerto Rico
Music For a Sushi Restaurant,Harry Styles,334733572.0,3,Man,"Funk, New wave, Pop, Rock, Soft rock, Soul, Synth-pop",4,United Kingdom
STAR WALKIN' (League of Legends Worlds Anthem),Lil Nas X,332506354.0,8,Man,"Hip hop, Pop rap, Trap",10,United States
cï¿½ï¿½mo dormi,Rels B,331511413.0,6,Man,Sense dades,9,Spain
Run BTS,BTS,330881149.0,19,Band,"K-pop, Pop",13,South Korea
Bejeweled,Taylor Swift,328207708.0,20,Woman,"Americana, Chamber pop, Contemporary country, Country, Country pop, Folk pop, Indie folk, Indie pop, Pop, Pop rock, Singer-songwriter, Synth-pop",10,United States
Sacrifice,The Weeknd,326792833.0,123,Man,"Alternative r&b, Contemporary r&b, Dance-pop, Hypnagogic pop, R&b, Synth-pop",44,Canada
Maroon,Taylor Swift,317726339.0,20,Woman,"Americana, Chamber pop, Contemporary country, Country, Country pop, Folk pop, Indie folk, Indie pop, Pop, Pop rock, Singer-songwriter, Synth-pop",10,United States
Yo No Soy Celoso,Bad Bunny,313113297.0,104,Man,"Hip hop, Latin, Reggaeton",39,Puerto Rico
La Zona,Bad Bunny,312622938.0,104,Man,"Hip hop, Latin, Reggaeton",39,Puerto Rico
Satellite,Harry Styles,311482393.0,3,Man,"Funk, New wave, Pop, Rock, Soft rock, Soul, Synth-pop",4,United Kingdom
Shirt,SZA,309653982.0,46,Woman,"Chillwave, Contemporary r&b, Electronic, Hip hop soul, Neo soul, R&b",27,United States
LOVE DIVE,IVE,305771063.0,3,Band,"J-pop, K-pop, Pop",3,South Korea
Me Fui de Vacaciones,Bad Bunny,305650299.0,104,Man,"Hip hop, Latin, Reggaeton",39,Puerto Rico
WHERE SHE GOES,Bad Bunny,303236322.0,104,Man,"Hip hop, Latin, Reggaeton",39,Puerto Rico
Yet To Come,BTS,302006641.0,19,Band,"K-pop, Pop",13,South Korea
N95,Kendrick Lamar,301242089.0,248,Man,"Conscious hip hop, Experimental hip hop, Funk, Hardcore hip hop, Hip hop, Jazz rap, Neo soul, Political hip hop, Pop, Pop rap, R&b, West coast hip hop",45,United States
ANTIFRAGILE,LE SSERAFIM,301051721.0,5,Band,K-pop,5,South Korea
LET GO,Central Cee,298063749.0,9,Man,"Grime, Hip hop, Trap, Uk drill",7,United Kingdom
Last Last,Burna Boy,293466523.0,25,Man,"Afrobeats, Dancehall, Reggae",16,Nigeria
Daylight,Harry Styles,290833204.0,3,Man,"Funk, New wave, Pop, Rock, Soft rock, Soul, Synth-pop",4,United Kingdom
It'll Be Okay,Shawn Mendes,287201015.0,15,Man,"Folk pop, Pop, Pop rock, Pop soul, Teen pop",9,Canada
Nobody Gets Me,SZA,284908316.0,46,Woman,"Chillwave, Contemporary r&b, Electronic, Hip hop soul, Neo soul, R&b",27,United States
Radio,Lana Del Rey,284819874.0,19,Woman,"Alternative pop, Americana, Art pop, Ballad, Chamber pop, Dream pop, Electronic, Indie pop, Neo-psychedelia, Pop, Singer-songwriter, Trip hop",7,United States
Aguacero,Bad Bunny,283359161.0,104,Man,"Hip hop, Latin, Reggaeton",39,Puerto Rico
Un Verano Sin Ti,Bad Bunny,283332261.0,104,Man,"Hip hop, Latin, Reggaeton",39,Puerto Rico
Forever,Labrinth,282883169.0,14,Man,Sense dades,8,United Kingdom
Ensï¿½ï¿½ï¿½ï¿½ame ,Bad Bunny,279737940.0,104,Man,"Hip hop, Latin, Reggaeton",39,Puerto Rico
Ferxxo 100,Feid,278920007.0,78,Man,"Latin, Reggaeton",33,Colombia
Little Freak,Harry Styles,273194684.0,3,Man,"Funk, New wave, Pop, Rock, Soft rock, Soul, Synth-pop",4,United Kingdom
Low,SZA,272377463.0,46,Woman,"Chillwave, Contemporary r&b, Electronic, Hip hop soul, Neo soul, R&b",27,United States
Car's Outside,James Arthur,265882712.0,6,Man,"Pop, Pop soul",5,United Kingdom
After LIKE,IVE,265548837.0,3,Band,"J-pop, K-pop, Pop",3,South Korea
Attention,NewJeans,264717480.0,5,Band,Sense dades,4,South Korea
Numb Little Bug,Em Beihold,258714692.0,1,Woman,Sense dades,1,United States
Moonlight,Kali Uchis,256483385.0,16,Woman,Sense dades,13,United States
When You're Gone,Shawn Mendes,255120451.0,15,Man,"Folk pop, Pop, Pop rock, Pop soul, Teen pop",9,Canada
PUFFIN ON ZOOTIEZ,Future,254218729.0,388,Man,"Hip hop, Southern hip hop, Trap",60,United States
Vigilante Shit,Taylor Swift,253650850.0,20,Woman,"Americana, Chamber pop, Contemporary country, Country, Country pop, Folk pop, Indie folk, Indie pop, Pop, Pop rock, Singer-songwriter, Synth-pop",10,United States
ELEVEN,IVE,247737946.0,3,Band,"J-pop, K-pop, Pop",3,South Korea
2 Be Loved (Am I Ready),Lizzo,247689123.0,6,Woman,"Hip hop, R&b",5,United States
Die For You,Joji,246390068.0,2,Man,"Ballad, Lo-fi hip hop",2,United States
Stay Alive (Prod. SUGA of BTS),Jung Kook,246376690.0,11,Man,"Edm, K-pop, Pop, R&b",7,South Korea
Agosto,Bad Bunny,246127838.0,104,Man,"Hip hop, Latin, Reggaeton",39,Puerto Rico
Plan A,Paulo Londra,240661097.0,10,Man,"Hip hop, Latin",9,Argentina
Hold My Hand,Lady Gaga,238350348.0,33,Woman,"Art pop, Dance, Dance-pop, Disco, Electronic, Electropop, Pop, Pop rock, Synth-pop",22,United States
Keep Driving,Harry Styles,236060709.0,3,Man,"Funk, New wave, Pop, Rock, Soft rock, Soul, Synth-pop",4,United Kingdom
Love Of My Life,Harry Styles,233671263.0,3,Man,"Funk, New wave, Pop, Rock, Soft rock, Soul, Synth-pop",4,United Kingdom
Mujeriego,Ryan Castro,231996128.0,14,Man,"Latin, Reggaeton",13,Colombia
FEARLESS,LE SSERAFIM,229497852.0,5,Band,K-pop,5,South Korea
Starlight,Dave,229473310.0,10,Man,Sense dades,6,Other countries
Question...?,Taylor Swift,223064273.0,20,Woman,"Americana, Chamber pop, Contemporary country, Country, Country pop, Folk pop, Indie folk, Indie pop, Pop, Pop rock, Singer-songwriter, Synth-pop",10,United States
Betty (Get Money),Yung Gravy,221752937.0,3,Man,"Comedy hip hop, Hip hop, Pop rap, Trap",3,United States
Mastermind,Taylor Swift,218320587.0,20,Woman,"Americana, Chamber pop, Contemporary country, Country, Country pop, Folk pop, Indie folk, Indie pop, Pop, Pop rock, Singer-songwriter, Synth-pop",10,United States
El Apagï¿½,Bad Bunny,212351890.0,104,Man,"Hip hop, Latin, Reggaeton",39,Puerto Rico
When I R.I.P.,Labrinth,203680270.0,14,Man,Sense dades,8,United Kingdom
Static,Steve Lacy,202452860.0,4,Man,"Avant-garde jazz, Free improvisation, Free jazz, Jazz, Post-bop, Vocal jazz",3,United States
Less Than Zero,The Weeknd,200660871.0,123,Man,"Alternative r&b, Contemporary r&b, Dance-pop, Hypnagogic pop, R&b, Synth-pop",44,Canada
Grapejuice,Harry Styles,199587884.0,3,Man,"Funk, New wave, Pop, Rock, Soft rock, Soul, Synth-pop",4,United Kingdom
DANCE CRIP,Trueno,198883004.0,12,Man,Sense dades,5,Argentina
Massive,Drake,195628667.0,356,Man,"Alternative r&b, Contemporary r&b, Hip hop, Pop rap, R&b, Trap",54,Canada
Eyes Closed,Ed Sheeran,195576623.0,51,Man,Sense dades,36,United Kingdom
Nail Tech,Jack Harlow,193443895.0,19,Man,Hip hop,15,United States
Sticky,Drake,191448892.0,356,Man,"Alternative r&b, Contemporary r&b, Hip hop, Pop rap, R&b, Trap",54,Canada
In My Head,Lil Tjay,190981339.0,26,Man,Hip hop,15,United States
Cinema,Harry Styles,189236868.0,3,Man,"Funk, New wave, Pop, Rock, Soft rock, Soul, Synth-pop",4,United Kingdom
Daydreaming,Harry Styles,187703102.0,3,Man,"Funk, New wave, Pop, Rock, Soft rock, Soul, Synth-pop",4,United Kingdom
Labyrinth,Taylor Swift,187339835.0,20,Woman,"Americana, Chamber pop, Contemporary country, Country, Country pop, Folk pop, Indie folk, Indie pop, Pop, Pop rock, Singer-songwriter, Synth-pop",10,United States
Sweet Nothing,Taylor Swift,186104310.0,20,Woman,"Americana, Chamber pop, Contemporary country, Country, Country pop, Folk pop, Indie folk, Indie pop, Pop, Pop rock, Singer-songwriter, Synth-pop",10,United States
Cigarettes,Juice WRLD,185408548.0,78,Man,"Emo rap, Hip hop, Trap",28,United States
Prohibidox,Feid,185392587.0,78,Man,"Latin, Reggaeton",33,Colombia
All Of The Girls You Loved Before,Taylor Swift,185240616.0,20,Woman,"Americana, Chamber pop, Contemporary country, Country, Country pop, Folk pop, Indie folk, Indie pop, Pop, Pop rock, Singer-songwriter, Synth-pop",10,United States
GIVENCHY,Duki,185236961.0,41,Man,Sense dades,26,Argentina
The Great War,Taylor Swift,181382590.0,20,Woman,"Americana, Chamber pop, Contemporary country, Country, Country pop, Folk pop, Indie folk, Indie pop, Pop, Pop rock, Singer-songwriter, Synth-pop",10,United States
Hrs and Hrs,Muni Long,181328253.0,11,Woman,Contemporary r&b,6,United States
Si Te La Encuentras Por Ahï¿,Feid,179061440.0,78,Man,"Latin, Reggaeton",33,Colombia
"Would've, Could've, Should've",Taylor Swift,177503916.0,20,Woman,"Americana, Chamber pop, Contemporary country, Country, Country pop, Folk pop, Indie folk, Indie pop, Pop, Pop rock, Singer-songwriter, Synth-pop",10,United States
Celestial,Ed Sheeran,176474912.0,51,Man,Sense dades,36,United Kingdom
WANDA,Quevedo,175399345.0,16,Man,Sense dades,16,Spain
Search & Rescue,Drake,175097833.0,356,Man,"Alternative r&b, Contemporary r&b, Hip hop, Pop rap, R&b, Trap",54,Canada
Rich Spirit,Kendrick Lamar,173702135.0,248,Man,"Conscious hip hop, Experimental hip hop, Funk, Hardcore hip hop, Hip hop, Jazz rap, Neo soul, Political hip hop, Pop, Pop rap, R&b, West coast hip hop",45,United States
Like Crazy (English Version),Jimin,173627354.0,10,Man,"Ballad, Dance-pop, Edm, Pop, R&b",5,South Korea
Chemical,Post Malone,172825906.0,60,Man,"Contemporary r&b, Hip hop, Pop rap, Trap",38,United States
Set Me Free Pt.2,Jimin,168448603.0,10,Man,"Ballad, Dance-pop, Edm, Pop, R&b",5,South Korea
Blind,SZA,163284000.0,46,Woman,"Chillwave, Contemporary r&b, Electronic, Hip hop soul, Neo soul, R&b",27,United States
Beautiful Girl,Luciano,160035717.0,5,Man,Sense dades,5,Other countries
RUMBATï¿½,Daddy Yankee,157990698.0,95,Man,"Hip hop, Latin, Latin pop, Reggae, Reggaeton",34,Puerto Rico
Antes de Perderte,Duki,157136970.0,41,Man,Sense dades,26,Argentina
United In Grief,Kendrick Lamar,156898322.0,248,Man,"Conscious hip hop, Experimental hip hop, Funk, Hardcore hip hop, Hip hop, Jazz rap, Neo soul, Political hip hop, Pop, Pop rap, R&b, West coast hip hop",45,United States
Dua Lipa,Jack Harlow,150500965.0,19,Man,Hip hop,15,United States
That's Hilarious,Charlie Puth,146363130.0,19,Man,Pop,13,United States
Boyfriends,Harry Styles,137070925.0,3,Man,"Funk, New wave, Pop, Rock, Soft rock, Soul, Synth-pop",4,United Kingdom
This Love (Taylorï¿½ï¿½ï¿½s Ve,Taylor Swift,132171975.0,20,Woman,"Americana, Chamber pop, Contemporary country, Country, Country pop, Folk pop, Indie folk, Indie pop, Pop, Pop rock, Singer-songwriter, Synth-pop",10,United States
Say Yes To Heaven,Lana Del Rey,127567540.0,19,Woman,"Alternative pop, Americana, Art pop, Ballad, Chamber pop, Dream pop, Electronic, Indie pop, Neo-psychedelia, Pop, Singer-songwriter, Trip hop",7,United States
Dance The Night (From Barbie The Album),Dua Lipa,127408954.0,39,Woman,Sense dades,27,United Kingdom
Count Me Out,Kendrick Lamar,126191104.0,248,Man,"Conscious hip hop, Experimental hip hop, Funk, Hardcore hip hop, Hip hop, Jazz rap, Neo soul, Political hip hop, Pop, Pop rap, R&b, West coast hip hop",45,United States
I AM,IVE,123132751.0,3,Band,"J-pop, K-pop, Pop",3,South Korea
Acrï¿½ï¿½s,Shakira,123124076.0,34,Woman,"Latin, Latin pop, Pop, Pop rock",15,Colombia
"I'm Tired - From ""Euphoria"" An Original HBO Series",Labrinth,121913181.0,14,Man,Sense dades,8,United Kingdom
Bigger Than The Whole Sky,Taylor Swift,121871870.0,20,Woman,"Americana, Chamber pop, Contemporary country, Country, Country pop, Folk pop, Indie folk, Indie pop, Pop, Pop rock, Singer-songwriter, Synth-pop",10,United States
How Do I Make You Love Me?,The Weeknd,119238316.0,123,Man,"Alternative r&b, Contemporary r&b, Dance-pop, Hypnagogic pop, R&b, Synth-pop",44,Canada
Take Two,BTS,118482347.0,19,Band,"K-pop, Pop",13,South Korea
Never Felt So Alone,Labrinth,117747907.0,14,Man,Sense dades,8,United Kingdom
REMIX EXCLUSIVO,Feid,117206995.0,78,Man,"Latin, Reggaeton",33,Colombia
Gasoline,The Weeknd,116903579.0,123,Man,"Alternative r&b, Contemporary r&b, Dance-pop, Hypnagogic pop, R&b, Synth-pop",44,Canada
For Youth,BTS,114546317.0,19,Band,"K-pop, Pop",13,South Korea
Love Language,SZA,110849052.0,46,Woman,"Chillwave, Contemporary r&b, Electronic, Hip hop soul, Neo soul, R&b",27,United States
Lï¿½ï¿½ï¿,Stromae,108809090.0,5,Man,"Dance-pop, Electro house, Electropop, Hip house",3,Other countries
Right On,Lil Baby,101780047.0,152,Man,Hip hop,36,United States
Best Friends,The Weeknd,101114984.0,123,Man,"Alternative r&b, Contemporary r&b, Dance-pop, Hypnagogic pop, R&b, Synth-pop",44,Canada
Seek & Destroy,SZA,98709329.0,46,Woman,"Chillwave, Contemporary r&b, Electronic, Hip hop soul, Neo soul, R&b",27,United States
Alone,Burna Boy,96007391.0,25,Man,"Afrobeats, Dancehall, Reggae",16,Nigeria
fukumean,Gunna,95217315.0,185,Man,Hip hop,33,United States
BackOutsideBoyz,Drake,93367537.0,356,Man,"Alternative r&b, Contemporary r&b, Hip hop, Pop rap, R&b, Trap",54,Canada
So Good,Halsey,91781263.0,32,Woman,"Alternative pop, Alternative r&b, Alternative rock, Contemporary r&b, Electropop, Indie pop, Pop, Pop rock, Synth-pop",20,United States
Chance,Paulo Londra,89566512.0,10,Man,"Hip hop, Latin",9,Argentina
Special,SZA,88092256.0,46,Woman,"Chillwave, Contemporary r&b, Electronic, Hip hop soul, Neo soul, R&b",27,United States
California Breeze,Lil Baby,85559365.0,152,Man,Hip hop,36,United States
Red Ruby Da Sleeze,Nicki Minaj,81419389.0,284,Woman,"Electronic, Hip hop, Pop, Pop rap, R&b",60,United States
Born Singer,BTS,79095270.0,19,Band,"K-pop, Pop",13,South Korea
Starry Eyes,The Weeknd,74601456.0,123,Man,"Alternative r&b, Contemporary r&b, Dance-pop, Hypnagogic pop, R&b, Synth-pop",44,Canada
SOS,SZA,73981293.0,46,Woman,"Chillwave, Contemporary r&b, Electronic, Hip hop soul, Neo soul, R&b",27,United States
The Heart Part 5,Kendrick Lamar,71423324.0,248,Man,"Conscious hip hop, Experimental hip hop, Funk, Hardcore hip hop, Hip hop, Jazz rap, Neo soul, Political hip hop, Pop, Pop rap, R&b, West coast hip hop",45,United States
Hits Different,Taylor Swift,68616963.0,20,Woman,"Americana, Chamber pop, Contemporary country, Country, Country pop, Folk pop, Indie folk, Indie pop, Pop, Pop rock, Singer-songwriter, Synth-pop",10,United States
F2F,SZA,67540165.0,46,Woman,"Chillwave, Contemporary r&b, Electronic, Hip hop soul, Neo soul, R&b",27,United States
Gone Girl,SZA,65362788.0,46,Woman,"Chillwave, Contemporary r&b, Electronic, Hip hop soul, Neo soul, R&b",27,United States
Donï¿½ï¿½ï¿½t Break My,The Weeknd,63803529.0,123,Man,"Alternative r&b, Contemporary r&b, Dance-pop, Hypnagogic pop, R&b, Synth-pop",44,Canada
Notice Me,SZA,62019074.0,46,Woman,"Chillwave, Contemporary r&b, Electronic, Hip hop soul, Neo soul, R&b",27,United States
Worldwide Steppers,Kendrick Lamar,61739839.0,248,Man,"Conscious hip hop, Experimental hip hop, Funk, Hardcore hip hop, Hip hop, Jazz rap, Neo soul, Political hip hop, Pop, Pop rap, R&b, West coast hip hop",45,United States
Super Shy,NewJeans,58255150.0,5,Band,Sense dades,4,South Korea
Columbia,Quevedo,58149378.0,16,Man,Sense dades,16,Spain
Smoking on my Ex Pack,SZA,57144458.0,46,Woman,"Chillwave, Contemporary r&b, Electronic, Hip hop soul, Neo soul, R&b",27,United States
Conceited,SZA,56870689.0,46,Woman,"Chillwave, Contemporary r&b, Electronic, Hip hop soul, Neo soul, R&b",27,United States
Lady Mi Amor,Feid,53987404.0,78,Man,"Latin, Reggaeton",33,Colombia
Dawn FM,The Weeknd,53933526.0,123,Man,"Alternative r&b, Contemporary r&b, Dance-pop, Hypnagogic pop, R&b, Synth-pop",44,Canada
Mirror,Kendrick Lamar,53603447.0,248,Man,"Conscious hip hop, Experimental hip hop, Funk, Hardcore hip hop, Hip hop, Jazz rap, Neo soul, Political hip hop, Pop, Pop rap, R&b, West coast hip hop",45,United States
I Can See You (Taylorï¿½ï¿½ï¿½s Version) (From The ,Taylor Swift,52135248.0,20,Woman,"Americana, Chamber pop, Contemporary country, Country, Country pop, Folk pop, Indie folk, Indie pop, Pop, Pop rock, Singer-songwriter, Synth-pop",10,United States
Far,SZA,51641685.0,46,Woman,"Chillwave, Contemporary r&b, Electronic, Hip hop soul, Neo soul, R&b",27,United States
Worst Day,Future,50746620.0,388,Man,"Hip hop, Southern hip hop, Trap",60,United States
Too Late,SZA,49262961.0,46,Woman,"Chillwave, Contemporary r&b, Electronic, Hip hop soul, Neo soul, R&b",27,United States
Crown,Kendrick Lamar,42485571.0,248,Man,"Conscious hip hop, Experimental hip hop, Funk, Hardcore hip hop, Hip hop, Jazz rap, Neo soul, Political hip hop, Pop, Pop rap, R&b, West coast hip hop",45,United States
A Tale By Quincy,The Weeknd,41924466.0,123,Man,"Alternative r&b, Contemporary r&b, Dance-pop, Hypnagogic pop, R&b, Synth-pop",44,Canada
Rich - Interlude,Kendrick Lamar,41210087.0,248,Man,"Conscious hip hop, Experimental hip hop, Funk, Hardcore hip hop, Hip hop, Jazz rap, Neo soul, Political hip hop, Pop, Pop rap, R&b, West coast hip hop",45,United States
Curtains,Ed Sheeran,39893489.0,51,Man,Sense dades,36,United Kingdom
Enchanted (Taylor's Version),Taylor Swift,39578178.0,20,Woman,"Americana, Chamber pop, Contemporary country, Country, Country pop, Folk pop, Indie folk, Indie pop, Pop, Pop rock, Singer-songwriter, Synth-pop",10,United States
Back To December (Taylor's Version),Taylor Swift,39228929.0,20,Woman,"Americana, Chamber pop, Contemporary country, Country, Country pop, Folk pop, Indie folk, Indie pop, Pop, Pop rock, Singer-songwriter, Synth-pop",10,United States
Still With You,Jung Kook,38411956.0,11,Man,"Edm, K-pop, Pop, R&b",7,South Korea
Auntie Diaries,Kendrick Lamar,37778188.0,248,Man,"Conscious hip hop, Experimental hip hop, Funk, Hardcore hip hop, Hip hop, Jazz rap, Neo soul, Political hip hop, Pop, Pop rap, R&b, West coast hip hop",45,United States
Every Angel is Terrifying,The Weeknd,37307967.0,123,Man,"Alternative r&b, Contemporary r&b, Dance-pop, Hypnagogic pop, R&b, Synth-pop",44,Canada
Savior - Interlude,Kendrick Lamar,37091576.0,248,Man,"Conscious hip hop, Experimental hip hop, Funk, Hardcore hip hop, Hip hop, Jazz rap, Neo soul, Political hip hop, Pop, Pop rap, R&b, West coast hip hop",45,United States
Mine (Taylor's Version),Taylor Swift,36912123.0,20,Woman,"Americana, Chamber pop, Contemporary country, Country, Country pop, Folk pop, Indie folk, Indie pop, Pop, Pop rock, Singer-songwriter, Synth-pop",10,United States
Phantom Regret by Jim,The Weeknd,31959571.0,123,Man,"Alternative r&b, Contemporary r&b, Dance-pop, Hypnagogic pop, R&b, Synth-pop",44,Canada
"What Was I Made For? [From The Motion Picture ""Barbie""]",Billie Eilish,30546883.0,7,Woman,"Alternative pop, Alternative r&b, Art pop, Bedroom pop, Downtempo, Electronica, Electropop, Indie pop, Lo-fi, Pop, Singer-songwriter, Teen pop",7,United States
Better Than Revenge (Taylor's Version),Taylor Swift,30343206.0,20,Woman,"Americana, Chamber pop, Contemporary country, Country, Country pop, Folk pop, Indie folk, Indie pop, Pop, Pop rock, Singer-songwriter, Synth-pop",10,United States
New Jeans,NewJeans,29562220.0,5,Band,Sense dades,4,South Korea
Rush,Troye Sivan,22581161.0,19,Man,"Electropop, Pop, Synth-pop",10,Other countries
Overdrive,Post Malone,14780425.0,60,Man,"Contemporary r&b, Hip hop, Pop rap, Trap",38,United States
