Código do Município,Sigla da Unidade da Federação,Nome das Grandes Regiões,Nome da Mesoregião,Nome da Microregião,PIB per capita a preços correntes
350010,SP,Sudeste,Presidente Prudente,Adamantina,"16515,8"
350020,SP,Sudeste,SÒo JosÚ do Rio Preto,SÒo JosÚ do Rio Preto,"28922,46"
350030,SP,Sudeste,Campinas,Pirassununga,"19037,06"
350040,SP,Sudeste,Campinas,SÒo JoÒo da Boa Vista,"29915,84"
350050,SP,Sudeste,Campinas,Amparo,"11415,61"
350055,SP,Sudeste,Bauru,AvarÚ,"31828,81"
350060,SP,Sudeste,Piracicaba,Piracicaba,"21161,16"
350070,SP,Sudeste,Bauru,Bauru,"27183,48"
350075,SP,Sudeste,Itapetininga,Itapetininga,"19183,23"
350080,SP,Sudeste,Presidente Prudente,Presidente Prudente,"12167,75"
350090,SP,Sudeste,SÒo JosÚ do Rio Preto,SÒo JosÚ do Rio Preto,"37441,83"
350100,SP,Sudeste,RibeirÒo Preto,Batatais,"23707,83"
350110,SP,Sudeste,Araþatuba,Birigui,"14327,95"
350115,SP,Sudeste,Macro Metropolitana Paulista,Sorocaba,"106304,18"
350120,SP,Sudeste,SÒo JosÚ do Rio Preto,Votuporanga,"16710,67"
350130,SP,Sudeste,Presidente Prudente,Presidente Prudente,"9966,49"
350140,SP,Sudeste,MarÝlia,MarÝlia,"8723,76"
350150,SP,Sudeste,MarÝlia,MarÝlia,"12459,01"
350160,SP,Sudeste,Campinas,Campinas,"31606,01"
350170,SP,Sudeste,Araraquara,Araraquara,"19832,32"
350180,SP,Sudeste,SÒo JosÚ do Rio Preto,Votuporanga,"10959,64"
350190,SP,Sudeste,Campinas,Amparo,"30731,02"
350200,SP,Sudeste,Araraquara,SÒo Carlos,"18530,73"
350210,SP,Sudeste,Araþatuba,Andradina,"19771,87"
350220,SP,Sudeste,Itapetininga,Itapetininga,"23110,56"
350230,SP,Sudeste,Bauru,Botucatu,"20806,77"
350240,SP,Sudeste,Presidente Prudente,Presidente Prudente,"11140,25"
350250,SP,Sudeste,Vale do ParaÝba Paulista,Guaratinguetß,"12357,89"
350260,SP,Sudeste,SÒo JosÚ do Rio Preto,Jales,"12358,08"
350270,SP,Sudeste,Itapetininga,CapÒo Bonito,"12292,52"
350275,SP,Sudeste,Macro Metropolitana Paulista,Sorocaba,"87905,75"
350280,SP,Sudeste,Araþatuba,Araþatuba,"19281,36"
350290,SP,Sudeste,Macro Metropolitana Paulista,Sorocaba,"11112,19"
350300,SP,Sudeste,RibeirÒo Preto,Ituverava,"15512,08"
350310,SP,Sudeste,Bauru,AvarÚ,"17951,37"
350315,SP,Sudeste,Vale do ParaÝba Paulista,Bananal,"11971,24"
350320,SP,Sudeste,Araraquara,Araraquara,"23471,65"
350330,SP,Sudeste,Piracicaba,Limeira,"21816,46"
350335,SP,Sudeste,MarÝlia,TupÒ,"25292,14"
350340,SP,Sudeste,Bauru,Bauru,"17133,16"
350350,SP,Sudeste,Vale do ParaÝba Paulista,Bananal,"9285,64"
350360,SP,Sudeste,Bauru,Bauru,"9174,65"
350370,SP,Sudeste,SÒo JosÚ do Rio Preto,Catanduva,"108967,3"
350380,SP,Sudeste,Campinas,Moji Mirim,"12223,37"
350390,SP,Sudeste,Metropolitana de SÒo Paulo,Guarulhos,"27341,84"
350395,SP,Sudeste,SÒo JosÚ do Rio Preto,Jales,"12895,13"
350400,SP,Sudeste,Assis,Assis,"14271,72"
350410,SP,Sudeste,Macro Metropolitana Paulista,Braganþa Paulista,"24189,11"
350420,SP,Sudeste,SÒo JosÚ do Rio Preto,Auriflama,"14215,44"
350430,SP,Sudeste,Bauru,Bauru,"14344,37"
350440,SP,Sudeste,Araþatuba,Birigui,"13051,87"
350450,SP,Sudeste,Bauru,AvarÚ,"15434,26"
350460,SP,Sudeste,SÒo JosÚ do Rio Preto,SÒo JosÚ do Rio Preto,"22314,08"
350470,SP,Sudeste,Bauru,Bauru,"6485,24"
350480,SP,Sudeste,SÒo JosÚ do Rio Preto,SÒo JosÚ do Rio Preto,"17002,83"
350490,SP,Sudeste,Vale do ParaÝba Paulista,Bananal,"9687,87"
350500,SP,Sudeste,Itapetininga,Itapeva,"9862,66"
350510,SP,Sudeste,Araþatuba,Birigui,"10093,92"
350520,SP,Sudeste,Bauru,Ja·,"18625,35"
350530,SP,Sudeste,Bauru,Ja·,"22972,26"
350535,SP,Sudeste,Itapetininga,CapÒo Bonito,"7304,94"
350540,SP,Sudeste,Litoral Sul Paulista,Registro,"6655,24"
350550,SP,Sudeste,RibeirÒo Preto,Barretos,"17772,53"
350560,SP,Sudeste,RibeirÒo Preto,RibeirÒo Preto,"11448,43"
350570,SP,Sudeste,Metropolitana de SÒo Paulo,Osasco,"115319,91"
350580,SP,Sudeste,MarÝlia,TupÒ,"17711,81"
350590,SP,Sudeste,RibeirÒo Preto,Batatais,"19943,99"
350600,SP,Sudeste,Bauru,Bauru,"21578,21"
350610,SP,Sudeste,RibeirÒo Preto,Jaboticabal,"41376,65"
350620,SP,Sudeste,Araþatuba,Araþatuba,"31247,49"
350630,SP,Sudeste,Assis,Ourinhos,"13282,04"
350635,SP,Sudeste,Metropolitana de SÒo Paulo,Santos,"15854,8"
350640,SP,Sudeste,Araþatuba,Birigui,"12827,08"
350650,SP,Sudeste,Araþatuba,Birigui,"15008,53"
350660,SP,Sudeste,Metropolitana de SÒo Paulo,Mogi das Cruzes,"10080,26"
350670,SP,Sudeste,Araraquara,Araraquara,"12443,92"
350680,SP,Sudeste,Bauru,Ja·,"16612,95"
350690,SP,Sudeste,Bauru,Botucatu,"13585,4"
350700,SP,Sudeste,Itapetininga,TatuÝ,"27097,82"
350710,SP,Sudeste,Macro Metropolitana Paulista,Braganþa Paulista,"14154,73"
350715,SP,Sudeste,Itapetininga,Itapeva,"8507,19"
350720,SP,Sudeste,Assis,Assis,"40546,42"
350730,SP,Sudeste,Bauru,Ja·,"24219,34"
350740,SP,Sudeste,Araraquara,Araraquara,"15765,49"
350745,SP,Sudeste,Bauru,Bauru,"21074,27"
350750,SP,Sudeste,Bauru,Botucatu,"22458,85"
350760,SP,Sudeste,Macro Metropolitana Paulista,Braganþa Paulista,"18886,04"
350770,SP,Sudeste,Araþatuba,Birigui,"9639,55"
350775,SP,Sudeste,Araþatuba,Birigui,"61059,99"
350780,SP,Sudeste,RibeirÒo Preto,RibeirÒo Preto,"12017,09"
350790,SP,Sudeste,Piracicaba,Rio Claro,"18270,62"
350800,SP,Sudeste,Itapetininga,Itapeva,"15956,81"
350810,SP,Sudeste,Araþatuba,Birigui,"16721,47"
350820,SP,Sudeste,RibeirÒo Preto,Ituverava,"67308,3"
350830,SP,Sudeste,Bauru,Bauru,"38662,42"
350840,SP,Sudeste,Macro Metropolitana Paulista,Sorocaba,"29047,31"
350850,SP,Sudeste,Vale do ParaÝba Paulista,SÒo JosÚ dos Campos,"28123,33"
350860,SP,Sudeste,Vale do ParaÝba Paulista,Guaratinguetß,"12575,9"
350870,SP,Sudeste,Campinas,SÒo JoÒo da Boa Vista,"12033,8"
350880,SP,Sudeste,Bauru,Lins,"14835,12"
350890,SP,Sudeste,Presidente Prudente,Presidente Prudente,"12022,03"
350900,SP,Sudeste,Metropolitana de SÒo Paulo,Franco da Rocha,"21854,95"
350910,SP,Sudeste,Presidente Prudente,Presidente Prudente,"18984,3"
350920,SP,Sudeste,Metropolitana de SÒo Paulo,Osasco,"85810,87"
350925,SP,Sudeste,Litoral Sul Paulista,Registro,"18490,47"
350930,SP,Sudeste,SÒo JosÚ do Rio Preto,Catanduva,"12068,51"
350940,SP,Sudeste,RibeirÒo Preto,Batatais,"12226,03"
350945,SP,Sudeste,Itapetininga,Itapetininga,"16417,93"
350950,SP,Sudeste,Campinas,Campinas,"33939,56"
350960,SP,Sudeste,Macro Metropolitana Paulista,JundiaÝ,"13165,98"
350970,SP,Sudeste,Vale do ParaÝba Paulista,Campos do JordÒo,"12794,15"
350980,SP,Sudeste,Assis,Assis,"18298,26"
350990,SP,Sudeste,Litoral Sul Paulista,Registro,"9200,97"
350995,SP,Sudeste,Vale do ParaÝba Paulista,Guaratinguetß,"8258,88"
351000,SP,Sudeste,Assis,Assis,"16692,47"
351010,SP,Sudeste,RibeirÒo Preto,Jaboticabal,"20578,33"
351015,SP,Sudeste,Assis,Ourinhos,"8587,34"
351020,SP,Sudeste,Itapetininga,CapÒo Bonito,"13656,12"
351030,SP,Sudeste,Macro Metropolitana Paulista,Sorocaba,"10649,55"
351040,SP,Sudeste,Piracicaba,Piracicaba,"22552,59"
351050,SP,Sudeste,Vale do ParaÝba Paulista,Caraguatatuba,"13336,43"
351060,SP,Sudeste,Metropolitana de SÒo Paulo,Osasco,"9270,98"
351070,SP,Sudeste,SÒo JosÚ do Rio Preto,Votuporanga,"12259,99"
351080,SP,Sudeste,Campinas,SÒo JoÒo da Boa Vista,"18822,79"
351090,SP,Sudeste,RibeirÒo Preto,Batatais,"15291,77"
351100,SP,Sudeste,Araþatuba,Andradina,"42777,23"
351110,SP,Sudeste,SÒo JosÚ do Rio Preto,Catanduva,"19908,39"
351120,SP,Sudeste,SÒo JosÚ do Rio Preto,Catanduva,"13298,94"
351130,SP,Sudeste,SÒo JosÚ do Rio Preto,SÒo JosÚ do Rio Preto,"15458,95"
351140,SP,Sudeste,Bauru,AvarÚ,"23517,57"
351150,SP,Sudeste,Itapetininga,TatuÝ,"70994,27"
351160,SP,Sudeste,Itapetininga,TatuÝ,"15417,85"
351170,SP,Sudeste,Piracicaba,Piracicaba,"13865,81"
351190,SP,Sudeste,Araþatuba,Birigui,"21307,98"
351200,SP,Sudeste,RibeirÒo Preto,Barretos,"23888,41"
351210,SP,Sudeste,RibeirÒo Preto,Barretos,"19876,41"
351220,SP,Sudeste,Piracicaba,Limeira,"15724,48"
351230,SP,Sudeste,Bauru,Botucatu,"15830,91"
351240,SP,Sudeste,Piracicaba,Limeira,"82176,1"
351250,SP,Sudeste,Araþatuba,Birigui,"16330,76"
351260,SP,Sudeste,Itapetininga,Itapeva,"14146,56"
351270,SP,Sudeste,Piracicaba,Rio Claro,"28147,18"
351280,SP,Sudeste,Campinas,Campinas,"17087,12"
351290,SP,Sudeste,SÒo JosÚ do Rio Preto,Votuporanga,"15743,61"
351300,SP,Sudeste,Metropolitana de SÒo Paulo,Itapecerica da Serra,"30904,9"
351310,SP,Sudeste,RibeirÒo Preto,RibeirÒo Preto,"16452,02"
351320,SP,Sudeste,RibeirÒo Preto,Franca,"25277,58"
351330,SP,Sudeste,Assis,Assis,"29208,86"
351340,SP,Sudeste,Vale do ParaÝba Paulista,Guaratinguetß,"15179,95"
351350,SP,Sudeste,Metropolitana de SÒo Paulo,Santos,"52182,18"
351360,SP,Sudeste,Vale do ParaÝba Paulista,Paraibuna/Paraitinga,"6419,45"
351370,SP,Sudeste,Araraquara,SÒo Carlos,"23913,21"
351380,SP,Sudeste,Metropolitana de SÒo Paulo,SÒo Paulo,"29153,85"
351385,SP,Sudeste,SÒo JosÚ do Rio Preto,Jales,"16344,51"
351390,SP,Sudeste,Campinas,SÒo JoÒo da Boa Vista,"13962,33"
351400,SP,Sudeste,Araraquara,Araraquara,"8760,37"
351410,SP,Sudeste,Bauru,Ja·,"19520,33"
351420,SP,Sudeste,SÒo JosÚ do Rio Preto,Jales,"12601,42"
351430,SP,Sudeste,Araraquara,SÒo Carlos,"14919,35"
351440,SP,Sudeste,Presidente Prudente,Dracena,"14977,97"
351450,SP,Sudeste,Bauru,Bauru,"11448,33"
351460,SP,Sudeste,RibeirÒo Preto,RibeirÒo Preto,"11819,83"
351470,SP,Sudeste,MarÝlia,MarÝlia,"14468,87"
351480,SP,Sudeste,Litoral Sul Paulista,Registro,"10901,33"
351490,SP,Sudeste,Campinas,Campinas,"46062,66"
351492,SP,Sudeste,SÒo JosÚ do Rio Preto,Catanduva,"15066,94"
351495,SP,Sudeste,SÒo JosÚ do Rio Preto,Catanduva,"17454,7"
351500,SP,Sudeste,Metropolitana de SÒo Paulo,Itapecerica da Serra,"18527,39"
351510,SP,Sudeste,Metropolitana de SÒo Paulo,Itapecerica da Serra,"9503,99"
351512,SP,Sudeste,Presidente Prudente,Presidente Prudente,"11737,4"
351515,SP,Sudeste,Campinas,Moji Mirim,"15239,72"
351518,SP,Sudeste,Campinas,SÒo JoÒo da Boa Vista,"18152,16"
351519,SP,Sudeste,Assis,Ourinhos,"25349,85"
351520,SP,Sudeste,SÒo JosÚ do Rio Preto,Fernand¾polis,"59430,76"
351530,SP,Sudeste,Presidente Prudente,Presidente Prudente,"16566,37"
351535,SP,Sudeste,Presidente Prudente,Presidente Prudente,"6797,22"
351540,SP,Sudeste,Assis,Ourinhos,"13567,47"
351550,SP,Sudeste,SÒo JosÚ do Rio Preto,Fernand¾polis,"17305,93"
351560,SP,Sudeste,RibeirÒo Preto,Jaboticabal,"19404,99"
351565,SP,Sudeste,MarÝlia,MarÝlia,"14923,33"
351570,SP,Sudeste,Metropolitana de SÒo Paulo,Mogi das Cruzes,"9527,71"
351580,SP,Sudeste,Presidente Prudente,Adamantina,"18790,92"
351590,SP,Sudeste,SÒo JosÚ do Rio Preto,Auriflama,"13828,91"
351600,SP,Sudeste,Presidente Prudente,Adamantina,"11792,52"
351610,SP,Sudeste,Assis,Assis,"43182,29"
351620,SP,Sudeste,RibeirÒo Preto,Franca,"15806,39"
351630,SP,Sudeste,Metropolitana de SÒo Paulo,Franco da Rocha,"6274,9"
351640,SP,Sudeste,Metropolitana de SÒo Paulo,Franco da Rocha,"14901,02"
351650,SP,Sudeste,Araþatuba,Birigui,"32707,56"
351660,SP,Sudeste,MarÝlia,MarÝlia,"15864,87"
351670,SP,Sudeste,MarÝlia,MarÝlia,"17279,52"
351680,SP,Sudeste,SÒo JosÚ do Rio Preto,Auriflama,"10525,88"
351685,SP,Sudeste,Araraquara,Araraquara,"117542,02"
351690,SP,Sudeste,SÒo JosÚ do Rio Preto,Auriflama,"17704,14"
351700,SP,Sudeste,Bauru,Lins,"15621,37"
351710,SP,Sudeste,Araþatuba,Birigui,"14352,15"
351720,SP,Sudeste,Bauru,Lins,"11419,52"
351730,SP,Sudeste,Bauru,Lins,"12458,54"
351740,SP,Sudeste,RibeirÒo Preto,SÒo Joaquim da Barra,"22891,65"
351750,SP,Sudeste,SÒo JosÚ do Rio Preto,SÒo JosÚ do Rio Preto,"20634,76"
351760,SP,Sudeste,Itapetininga,CapÒo Bonito,"9297,29"
351770,SP,Sudeste,RibeirÒo Preto,Ituverava,"15686,07"
351780,SP,Sudeste,Araþatuba,Andradina,"13814,9"
351790,SP,Sudeste,SÒo JosÚ do Rio Preto,SÒo JosÚ do Rio Preto,"14354,3"
351800,SP,Sudeste,SÒo JosÚ do Rio Preto,Fernand¾polis,"10266,2"
351810,SP,Sudeste,Bauru,Bauru,"23940,8"
351820,SP,Sudeste,Araþatuba,Araþatuba,"22440,56"
351830,SP,Sudeste,Metropolitana de SÒo Paulo,Mogi das Cruzes,"17688,52"
351840,SP,Sudeste,Vale do ParaÝba Paulista,Guaratinguetß,"20564,91"
351850,SP,Sudeste,Itapetininga,Itapetininga,"13094,67"
351860,SP,Sudeste,RibeirÒo Preto,Jaboticabal,"16315,8"
351870,SP,Sudeste,Metropolitana de SÒo Paulo,Santos,"14282,99"
351880,SP,Sudeste,Metropolitana de SÒo Paulo,Guarulhos,"30383,43"
351885,SP,Sudeste,RibeirÒo Preto,RibeirÒo Preto,"16464,66"
351890,SP,Sudeste,SÒo JosÚ do Rio Preto,Auriflama,"11351,4"
351900,SP,Sudeste,MarÝlia,TupÒ,"12249,86"
351905,SP,Sudeste,Campinas,Campinas,"45642,63"
351907,SP,Sudeste,Campinas,Campinas,"32391,23"
351910,SP,Sudeste,Bauru,Bauru,"40328,66"
351920,SP,Sudeste,MarÝlia,TupÒ,"11671,17"
351925,SP,Sudeste,Bauru,AvarÚ,"20594,55"
351930,SP,Sudeste,Araraquara,SÒo Carlos,"13925,84"
351940,SP,Sudeste,SÒo JosÚ do Rio Preto,SÒo JosÚ do Rio Preto,"11220,75"
351950,SP,Sudeste,Assis,Assis,"16851,58"
351960,SP,Sudeste,Araraquara,Araraquara,"15165,29"
351970,SP,Sudeste,Macro Metropolitana Paulista,Piedade,"10816,38"
351980,SP,Sudeste,SÒo JosÚ do Rio Preto,SÒo JosÚ do Rio Preto,"15371,94"
351990,SP,Sudeste,Assis,Assis,"18280,42"
352000,SP,Sudeste,Bauru,Ja·,"7729,82"
352010,SP,Sudeste,RibeirÒo Preto,Ituverava,"21692,53"
352020,SP,Sudeste,Vale do ParaÝba Paulista,SÒo JosÚ dos Campos,"12853,69"
352030,SP,Sudeste,Litoral Sul Paulista,Registro,"9916,9"
352040,SP,Sudeste,Vale do ParaÝba Paulista,Caraguatatuba,"12195,95"
352042,SP,Sudeste,Litoral Sul Paulista,Registro,"11611,95"
352044,SP,Sudeste,Araþatuba,Andradina,"51902,48"
352050,SP,Sudeste,Campinas,Campinas,"28905,86"
352060,SP,Sudeste,Presidente Prudente,Presidente Prudente,"8878,99"
352070,SP,Sudeste,SÒo JosÚ do Rio Preto,Fernand¾polis,"16501,67"
352080,SP,Sudeste,Presidente Prudente,Adamantina,"17366,05"
352090,SP,Sudeste,Assis,Ourinhos,"22100,29"
352100,SP,Sudeste,Macro Metropolitana Paulista,Sorocaba,"15574,89"
352110,SP,Sudeste,Piracicaba,Rio Claro,"24142,06"
352115,SP,Sudeste,SÒo JosÚ do Rio Preto,SÒo JosÚ do Rio Preto,"9233,18"
352120,SP,Sudeste,Itapetininga,CapÒo Bonito,"6345,38"
352130,SP,Sudeste,RibeirÒo Preto,SÒo Joaquim da Barra,"14935,05"
352140,SP,Sudeste,Piracicaba,Limeira,"26588,74"
352150,SP,Sudeste,SÒo JosÚ do Rio Preto,Novo Horizonte,"14295,51"
352160,SP,Sudeste,Presidente Prudente,Adamantina,"9108,3"
352170,SP,Sudeste,Itapetininga,Itapeva,"17180,81"
352180,SP,Sudeste,Bauru,AvarÚ,"16896,33"
352190,SP,Sudeste,SÒo JosÚ do Rio Preto,Novo Horizonte,"17458,72"
352200,SP,Sudeste,Bauru,Ja·,"16744,43"
352210,SP,Sudeste,Litoral Sul Paulista,ItanhaÚm,"10769,19"
352215,SP,Sudeste,Itapetininga,CapÒo Bonito,"7255,61"
352220,SP,Sudeste,Metropolitana de SÒo Paulo,Itapecerica da Serra,"22975,76"
352230,SP,Sudeste,Itapetininga,Itapetininga,"17646,24"
352240,SP,Sudeste,Itapetininga,Itapeva,"13840,14"
352250,SP,Sudeste,Metropolitana de SÒo Paulo,Osasco,"25617,71"
352260,SP,Sudeste,Campinas,Moji Mirim,"25424,82"
352265,SP,Sudeste,Itapetininga,CapÒo Bonito,"6822,36"
352270,SP,Sudeste,Araraquara,Araraquara,"20327,66"
352280,SP,Sudeste,Itapetininga,Itapeva,"9588,82"
352290,SP,Sudeste,Bauru,Ja·,"26211,16"
352300,SP,Sudeste,Araþatuba,Andradina,"18803,47"
352310,SP,Sudeste,Metropolitana de SÒo Paulo,Mogi das Cruzes,"10118,18"
352320,SP,Sudeste,Itapetininga,Itapeva,"12292,12"
352330,SP,Sudeste,Litoral Sul Paulista,ItanhaÚm,"6811,14"
352340,SP,Sudeste,Macro Metropolitana Paulista,Braganþa Paulista,"33721,83"
352350,SP,Sudeste,Bauru,AvarÚ,"14517,86"
352360,SP,Sudeste,Piracicaba,Rio Claro,"15099,06"
352370,SP,Sudeste,RibeirÒo Preto,Franca,"13053,36"
352380,SP,Sudeste,Campinas,SÒo JoÒo da Boa Vista,"9236,06"
352390,SP,Sudeste,Macro Metropolitana Paulista,Sorocaba,"27211,9"
352400,SP,Sudeste,Macro Metropolitana Paulista,JundiaÝ,"48975,26"
352410,SP,Sudeste,RibeirÒo Preto,Ituverava,"14656,42"
352420,SP,Sudeste,RibeirÒo Preto,SÒo Joaquim da Barra,"13438,62"
352430,SP,Sudeste,RibeirÒo Preto,Jaboticabal,"23354,05"
352440,SP,Sudeste,Vale do ParaÝba Paulista,SÒo JosÚ dos Campos,"26793,03"
352450,SP,Sudeste,SÒo JosÚ do Rio Preto,SÒo JosÚ do Rio Preto,"28370,02"
352460,SP,Sudeste,Litoral Sul Paulista,Registro,"13754,46"
352470,SP,Sudeste,Campinas,Campinas,"69166,75"
352480,SP,Sudeste,SÒo JosÚ do Rio Preto,Jales,"18175,01"
352490,SP,Sudeste,Vale do ParaÝba Paulista,Paraibuna/Paraitinga,"132124,54"
352500,SP,Sudeste,Metropolitana de SÒo Paulo,Osasco,"15219,19"
352510,SP,Sudeste,RibeirÒo Preto,RibeirÒo Preto,14285
352520,SP,Sudeste,Macro Metropolitana Paulista,Braganþa Paulista,"17907,06"
352530,SP,Sudeste,Bauru,Ja·,"15644,07"
352540,SP,Sudeste,RibeirÒo Preto,Franca,"29251,2"
352550,SP,Sudeste,Macro Metropolitana Paulista,Braganþa Paulista,"10483,17"
352560,SP,Sudeste,Presidente Prudente,Presidente Prudente,"15081,3"
352570,SP,Sudeste,SÒo JosÚ do Rio Preto,SÒo JosÚ do Rio Preto,"30390,56"
352580,SP,Sudeste,Bauru,Lins,"8980,65"
352585,SP,Sudeste,Piracicaba,Piracicaba,"22835,49"
352590,SP,Sudeste,Macro Metropolitana Paulista,JundiaÝ,"54353,94"
352600,SP,Sudeste,Presidente Prudente,Dracena,"14915,92"
352610,SP,Sudeste,Litoral Sul Paulista,Registro,"10231,23"
352620,SP,Sudeste,Metropolitana de SÒo Paulo,Itapecerica da Serra,"8936,13"
352630,SP,Sudeste,Vale do ParaÝba Paulista,Paraibuna/Paraitinga,"10636,02"
352640,SP,Sudeste,Itapetininga,TatuÝ,"18300,31"
352650,SP,Sudeste,Araþatuba,Araþatuba,"13299,29"
352660,SP,Sudeste,Vale do ParaÝba Paulista,Guaratinguetß,"11392,64"
352670,SP,Sudeste,Piracicaba,Limeira,"16499,32"
352680,SP,Sudeste,Bauru,Bauru,"34605,48"
352690,SP,Sudeste,Piracicaba,Limeira,"24319,32"
352700,SP,Sudeste,Campinas,Amparo,"12336,58"
352710,SP,Sudeste,Bauru,Lins,"30603,22"
352720,SP,Sudeste,Vale do ParaÝba Paulista,Guaratinguetß,"16248,93"
352725,SP,Sudeste,Araþatuba,Birigui,"12962,75"
352730,SP,Sudeste,Macro Metropolitana Paulista,JundiaÝ,"239950,77"
352740,SP,Sudeste,Presidente Prudente,Adamantina,"12166,65"
352750,SP,Sudeste,Bauru,Bauru,"14433,44"
352760,SP,Sudeste,RibeirÒo Preto,RibeirÒo Preto,"58767,21"
352770,SP,Sudeste,Araþatuba,Birigui,"12283,68"
352780,SP,Sudeste,MarÝlia,MarÝlia,"13639,06"
352790,SP,Sudeste,Assis,Assis,"18819,34"
352800,SP,Sudeste,Bauru,Ja·,"47376,94"
352810,SP,Sudeste,SÒo JosÚ do Rio Preto,Nhandeara,"12887,83"
352820,SP,Sudeste,SÒo JosÚ do Rio Preto,Fernand¾polis,"13846,59"
352830,SP,Sudeste,SÒo JosÚ do Rio Preto,Auriflama,"15328,33"
352840,SP,Sudeste,Macro Metropolitana Paulista,Sorocaba,"20754,18"
352850,SP,Sudeste,Metropolitana de SÒo Paulo,Franco da Rocha,"14660,98"
352860,SP,Sudeste,Assis,Ourinhos,"11410,79"
352870,SP,Sudeste,Presidente Prudente,Presidente Prudente,"15359,94"
352880,SP,Sudeste,Assis,Assis,"32163,83"
352885,SP,Sudeste,SÒo JosÚ do Rio Preto,Novo Horizonte,"30988,99"
352890,SP,Sudeste,Presidente Prudente,Adamantina,"9300,83"
352900,SP,Sudeste,MarÝlia,MarÝlia,"18076,94"
352910,SP,Sudeste,SÒo JosÚ do Rio Preto,Jales,"16139,72"
352920,SP,Sudeste,Presidente Prudente,Presidente Prudente,"12912,1"
352930,SP,Sudeste,Araraquara,Araraquara,"76306,36"
352940,SP,Sudeste,Metropolitana de SÒo Paulo,SÒo Paulo,"17619,04"
352950,SP,Sudeste,SÒo JosÚ do Rio Preto,SÒo JosÚ do Rio Preto,"12531,07"
352960,SP,Sudeste,SÒo JosÚ do Rio Preto,Fernand¾polis,"15335,47"
352965,SP,Sudeste,SÒo JosÚ do Rio Preto,Jales,"25762,25"
352970,SP,Sudeste,RibeirÒo Preto,SÒo Joaquim da Barra,"13783,76"
352980,SP,Sudeste,Bauru,Ja·,"9315,26"
352990,SP,Sudeste,Litoral Sul Paulista,Registro,"13273,39"
353000,SP,Sudeste,SÒo JosÚ do Rio Preto,Fernand¾polis,"12438,88"
353010,SP,Sudeste,Araþatuba,Andradina,10537
353020,SP,Sudeste,Presidente Prudente,Presidente Prudente,"8171,45"
353030,SP,Sudeste,SÒo JosÚ do Rio Preto,SÒo JosÚ do Rio Preto,"17507,93"
353040,SP,Sudeste,SÒo JosÚ do Rio Preto,SÒo JosÚ do Rio Preto,"10424,79"
353050,SP,Sudeste,Campinas,SÒo JoÒo da Boa Vista,"19185,48"
353060,SP,Sudeste,Metropolitana de SÒo Paulo,Mogi das Cruzes,"22751,54"
353070,SP,Sudeste,Campinas,Moji Mirim,"21309,13"
353080,SP,Sudeste,Campinas,Moji Mirim,"31688,58"
353090,SP,Sudeste,Piracicaba,Piracicaba,"12842,32"
353100,SP,Sudeste,SÒo JosÚ do Rio Preto,Nhandeara,"106316,06"
353110,SP,Sudeste,Litoral Sul Paulista,ItanhaÚm,"10833,24"
353120,SP,Sudeste,Campinas,Amparo,"18088,06"
353130,SP,Sudeste,RibeirÒo Preto,Jaboticabal,"21746,42"
353140,SP,Sudeste,SÒo JosÚ do Rio Preto,Nhandeara,"25453,09"
353150,SP,Sudeste,RibeirÒo Preto,Jaboticabal,"20123,52"
353160,SP,Sudeste,Presidente Prudente,Dracena,"17049,79"
353170,SP,Sudeste,Vale do ParaÝba Paulista,Campos do JordÒo,"12389,74"
353180,SP,Sudeste,Campinas,Campinas,"24369,29"
353190,SP,Sudeste,RibeirÒo Preto,SÒo Joaquim da Barra,"24580,43"
353200,SP,Sudeste,Macro Metropolitana Paulista,Braganþa Paulista,"27942,87"
353205,SP,Sudeste,Araraquara,Araraquara,"14688,29"
353210,SP,Sudeste,Araþatuba,Andradina,"11538,63"
353215,SP,Sudeste,Assis,Assis,"34462,89"
353220,SP,Sudeste,Presidente Prudente,Presidente Prudente,"86268,81"
353230,SP,Sudeste,Vale do ParaÝba Paulista,Paraibuna/Paraitinga,"7806,96"
353240,SP,Sudeste,Macro Metropolitana Paulista,Braganþa Paulista,"12596,61"
353250,SP,Sudeste,SÒo JosÚ do Rio Preto,Nhandeara,"14294,44"
353260,SP,Sudeste,SÒo JosÚ do Rio Preto,Nhandeara,"17698,47"
353270,SP,Sudeste,SÒo JosÚ do Rio Preto,Nhandeara,"13953,1"
353280,SP,Sudeste,SÒo JosÚ do Rio Preto,SÒo JosÚ do Rio Preto,"16995,18"
353282,SP,Sudeste,Itapetininga,Itapeva,"16408,39"
353284,SP,Sudeste,SÒo JosÚ do Rio Preto,Jales,"17824,95"
353286,SP,Sudeste,SÒo JosÚ do Rio Preto,Auriflama,"38912,36"
353290,SP,Sudeste,Araraquara,Araraquara,"16541,66"
353300,SP,Sudeste,SÒo JosÚ do Rio Preto,SÒo JosÚ do Rio Preto,"12030,12"
353310,SP,Sudeste,Presidente Prudente,Dracena,"8214,64"
353320,SP,Sudeste,Araþatuba,Andradina,86909
353325,SP,Sudeste,SÒo JosÚ do Rio Preto,Catanduva,"8983,34"
353330,SP,Sudeste,SÒo JosÚ do Rio Preto,Auriflama,"9789,44"
353340,SP,Sudeste,Campinas,Campinas,"38200,62"
353350,SP,Sudeste,SÒo JosÚ do Rio Preto,Novo Horizonte,"25663,19"
353360,SP,Sudeste,RibeirÒo Preto,SÒo Joaquim da Barra,"24143,04"
353370,SP,Sudeste,MarÝlia,MarÝlia,"14074,49"
353380,SP,Sudeste,Assis,Ourinhos,"15753,55"
353390,SP,Sudeste,SÒo JosÚ do Rio Preto,SÒo JosÚ do Rio Preto,"20609,21"
353400,SP,Sudeste,SÒo JosÚ do Rio Preto,SÒo JosÚ do Rio Preto,"33395,69"
353410,SP,Sudeste,MarÝlia,MarÝlia,"9821,22"
353420,SP,Sudeste,SÒo JosÚ do Rio Preto,SÒo JosÚ do Rio Preto,"22625,16"
353430,SP,Sudeste,RibeirÒo Preto,SÒo Joaquim da Barra,"23240,24"
353440,SP,Sudeste,Metropolitana de SÒo Paulo,Osasco,"54599,81"
353450,SP,Sudeste,MarÝlia,MarÝlia,"12419,03"
353460,SP,Sudeste,Presidente Prudente,Adamantina,"14001,41"
353470,SP,Sudeste,Assis,Ourinhos,"17276,89"
353475,SP,Sudeste,SÒo JosÚ do Rio Preto,Fernand¾polis,"78105,78"
353480,SP,Sudeste,Presidente Prudente,Dracena,"12203,06"
353490,SP,Sudeste,Presidente Prudente,Adamantina,"9709,31"
353500,SP,Sudeste,SÒo JosÚ do Rio Preto,SÒo JosÚ do Rio Preto,"16795,32"
353510,SP,Sudeste,SÒo JosÚ do Rio Preto,Catanduva,"7207,1"
353520,SP,Sudeste,SÒo JosÚ do Rio Preto,Jales,"14652,45"
353530,SP,Sudeste,Assis,Assis,"22037,14"
353540,SP,Sudeste,Presidente Prudente,Dracena,"10790,85"
353550,SP,Sudeste,Assis,Assis,"21844,79"
353560,SP,Sudeste,Vale do ParaÝba Paulista,Paraibuna/Paraitinga,"12770,59"
353570,SP,Sudeste,SÒo JosÚ do Rio Preto,Catanduva,"16006,59"
353580,SP,Sudeste,Bauru,AvarÚ,"22018,29"
353590,SP,Sudeste,SÒo JosÚ do Rio Preto,Jales,"15521,47"
353600,SP,Sudeste,Presidente Prudente,Adamantina,"15598,66"
353610,SP,Sudeste,Bauru,Botucatu,"23039,38"
353620,SP,Sudeste,Litoral Sul Paulista,Registro,"10439,45"
353625,SP,Sudeste,SÒo JosÚ do Rio Preto,Votuporanga,"13678,33"
353630,SP,Sudeste,RibeirÒo Preto,Franca,"26056,77"
353640,SP,Sudeste,Presidente Prudente,Dracena,"15719,02"
353650,SP,Sudeste,Campinas,Campinas,"98780,12"
353657,SP,Sudeste,Bauru,Bauru,"16691,6"
353660,SP,Sudeste,SÒo JosÚ do Rio Preto,SÒo JosÚ do Rio Preto,"19149,28"
353670,SP,Sudeste,Bauru,Ja·,"16925,95"
353680,SP,Sudeste,Campinas,Amparo,"10693,15"
353690,SP,Sudeste,SÒo JosÚ do Rio Preto,Fernand¾polis,"15544,62"
353700,SP,Sudeste,RibeirÒo Preto,Franca,"18764,43"
353710,SP,Sudeste,Campinas,Campinas,"16709,33"
353715,SP,Sudeste,Assis,Assis,"28143,45"
353720,SP,Sudeste,Litoral Sul Paulista,ItanhaÚm,"8463,99"
353730,SP,Sudeste,Araþatuba,Birigui,"16742,47"
353740,SP,Sudeste,Araþatuba,Andradina,"29157,59"
353750,SP,Sudeste,Itapetininga,TatuÝ,"15779,84"
353760,SP,Sudeste,Litoral Sul Paulista,ItanhaÚm,"11624,97"
353770,SP,Sudeste,Araþatuba,Birigui,12155
353780,SP,Sudeste,Macro Metropolitana Paulista,Piedade,"11287,53"
353790,SP,Sudeste,Macro Metropolitana Paulista,Piedade,"13607,08"
353800,SP,Sudeste,Vale do ParaÝba Paulista,SÒo JosÚ dos Campos,"31821,56"
353810,SP,Sudeste,SÒo JosÚ do Rio Preto,Catanduva,"15345,66"
353820,SP,Sudeste,Campinas,Amparo,"10190,92"
353830,SP,Sudeste,Presidente Prudente,Presidente Prudente,"12698,14"
353850,SP,Sudeste,Vale do ParaÝba Paulista,Guaratinguetß,"7800,7"
353860,SP,Sudeste,Macro Metropolitana Paulista,Braganþa Paulista,"11482,05"
353870,SP,Sudeste,Piracicaba,Piracicaba,"29959,19"
353880,SP,Sudeste,Assis,Ourinhos,"14259,9"
353890,SP,Sudeste,Bauru,Bauru,"10543,24"
353900,SP,Sudeste,RibeirÒo Preto,Jaboticabal,"13978,72"
353910,SP,Sudeste,Metropolitana de SÒo Paulo,Osasco,"8088,95"
353920,SP,Sudeste,Presidente Prudente,Presidente Prudente,"15913,46"
353930,SP,Sudeste,Campinas,Pirassununga,"23582,41"
353940,SP,Sudeste,Bauru,Bauru,"9975,12"
353950,SP,Sudeste,RibeirÒo Preto,Jaboticabal,"15952,03"
353960,SP,Sudeste,SÒo JosÚ do Rio Preto,SÒo JosÚ do Rio Preto,"18197,49"
353970,SP,Sudeste,Assis,Assis,"19813,06"
353980,SP,Sudeste,Metropolitana de SÒo Paulo,Mogi das Cruzes,"25909,35"
353990,SP,Sudeste,SÒo JosÚ do Rio Preto,Nhandeara,"15061,66"
354000,SP,Sudeste,MarÝlia,MarÝlia,"25851,16"
354010,SP,Sudeste,Bauru,Bauru,"14059,24"
354020,SP,Sudeste,RibeirÒo Preto,RibeirÒo Preto,"15490,12"
354025,SP,Sudeste,SÒo JosÚ do Rio Preto,Jales,"11583,43"
354030,SP,Sudeste,SÒo JosÚ do Rio Preto,Votuporanga,"33044,31"
354040,SP,Sudeste,SÒo JosÚ do Rio Preto,Jales,"17482,39"
354050,SP,Sudeste,Itapetininga,TatuÝ,"9315,94"
354060,SP,Sudeste,Macro Metropolitana Paulista,Sorocaba,"18140,74"
354070,SP,Sudeste,Campinas,Pirassununga,"20952,46"
354075,SP,Sudeste,Vale do ParaÝba Paulista,Guaratinguetß,"7607,16"
354080,SP,Sudeste,SÒo JosÚ do Rio Preto,SÒo JosÚ do Rio Preto,"18237,84"
354085,SP,Sudeste,Presidente Prudente,Adamantina,"6929,49"
354090,SP,Sudeste,RibeirÒo Preto,RibeirÒo Preto,"36763,97"
354100,SP,Sudeste,Metropolitana de SÒo Paulo,Santos,"12158,82"
354105,SP,Sudeste,Bauru,Botucatu,"13373,99"
354110,SP,Sudeste,Bauru,Bauru,"14269,13"
354120,SP,Sudeste,Presidente Prudente,Presidente Prudente,"11392,54"
354130,SP,Sudeste,Presidente Prudente,Presidente Prudente,"10847,3"
354140,SP,Sudeste,Presidente Prudente,Presidente Prudente,"20489,14"
354150,SP,Sudeste,Presidente Prudente,Presidente Prudente,"12191,36"
354160,SP,Sudeste,Bauru,Lins,"20659,56"
354165,SP,Sudeste,Itapetininga,TatuÝ,"15023,77"
354170,SP,Sudeste,Assis,Assis,"40761,77"
354180,SP,Sudeste,MarÝlia,TupÒ,"82333,68"
354190,SP,Sudeste,Vale do ParaÝba Paulista,Guaratinguetß,"8103,68"
354200,SP,Sudeste,MarÝlia,TupÒ,"12144,61"
354210,SP,Sudeste,Piracicaba,Piracicaba,"16365,76"
354220,SP,Sudeste,Presidente Prudente,Presidente Prudente,"29399,97"
354230,SP,Sudeste,Vale do ParaÝba Paulista,Paraibuna/Paraitinga,"10738,74"
354240,SP,Sudeste,Presidente Prudente,Presidente Prudente,"16575,11"
354250,SP,Sudeste,Bauru,Bauru,"9688,47"
354260,SP,Sudeste,Litoral Sul Paulista,Registro,"16118,51"
354270,SP,Sudeste,RibeirÒo Preto,Franca,"14228,13"
354280,SP,Sudeste,Itapetininga,CapÒo Bonito,"7098,27"
354290,SP,Sudeste,Araraquara,SÒo Carlos,"12193,91"
354300,SP,Sudeste,Itapetininga,CapÒo Bonito,"8622,11"
354310,SP,Sudeste,RibeirÒo Preto,Franca,"27321,8"
354320,SP,Sudeste,Assis,Ourinhos,"13768,55"
354323,SP,Sudeste,Presidente Prudente,Presidente Prudente,"14110,16"
354325,SP,Sudeste,Itapetininga,CapÒo Bonito,"12643,88"
354330,SP,Sudeste,Metropolitana de SÒo Paulo,SÒo Paulo,"16709,84"
354340,SP,Sudeste,RibeirÒo Preto,RibeirÒo Preto,"28100,52"
354350,SP,Sudeste,Itapetininga,Itapeva,"7765,46"
354360,SP,Sudeste,RibeirÒo Preto,Franca,"13097,02"
354370,SP,Sudeste,Araraquara,Araraquara,"12030,26"
354380,SP,Sudeste,Presidente Prudente,Adamantina,"10164,43"
354390,SP,Sudeste,Piracicaba,Rio Claro,"26856,75"
354400,SP,Sudeste,Piracicaba,Piracicaba,30998
354410,SP,Sudeste,Metropolitana de SÒo Paulo,SÒo Paulo,"11053,79"
354420,SP,Sudeste,SÒo JosÚ do Rio Preto,Votuporanga,"11333,22"
354425,SP,Sudeste,Presidente Prudente,Presidente Prudente,"45955,58"
354430,SP,Sudeste,Vale do ParaÝba Paulista,Guaratinguetß,"22066,35"
354440,SP,Sudeste,Araþatuba,Araþatuba,"28517,09"
354450,SP,Sudeste,SÒo JosÚ do Rio Preto,Jales,"10427,92"
354460,SP,Sudeste,Bauru,Lins,"15512,55"
354470,SP,Sudeste,Presidente Prudente,Adamantina,"12718,22"
354480,SP,Sudeste,SÒo JosÚ do Rio Preto,Novo Horizonte,"12342,05"
354490,SP,Sudeste,RibeirÒo Preto,SÒo Joaquim da Barra,"17633,51"
354500,SP,Sudeste,Metropolitana de SÒo Paulo,Mogi das Cruzes,"11179,48"
354510,SP,Sudeste,Presidente Prudente,Adamantina,"13940,34"
354515,SP,Sudeste,Piracicaba,Piracicaba,"16674,67"
354520,SP,Sudeste,Macro Metropolitana Paulista,Sorocaba,"23019,32"
354530,SP,Sudeste,Macro Metropolitana Paulista,Sorocaba,"13806,15"
354540,SP,Sudeste,Assis,Ourinhos,"14871,11"
354550,SP,Sudeste,Presidente Prudente,Presidente Prudente,"90398,23"
354560,SP,Sudeste,SÒo JosÚ do Rio Preto,Catanduva,"15170,99"
354570,SP,Sudeste,SÒo JosÚ do Rio Preto,Jales,"12445,28"
354580,SP,Sudeste,Campinas,Campinas,"21030,25"
354600,SP,Sudeste,Vale do ParaÝba Paulista,SÒo JosÚ dos Campos,"10581,57"
354610,SP,Sudeste,SÒo JosÚ do Rio Preto,Jales,"11567,18"
354620,SP,Sudeste,Piracicaba,Limeira,"17715,7"
354625,SP,Sudeste,RibeirÒo Preto,Batatais,"18835,09"
354630,SP,Sudeste,Campinas,Pirassununga,"10298,48"
354640,SP,Sudeste,Assis,Ourinhos,"22175,53"
354650,SP,Sudeste,RibeirÒo Preto,Jaboticabal,"9105,19"
354660,SP,Sudeste,SÒo JosÚ do Rio Preto,Jales,"20876,25"
354670,SP,Sudeste,Piracicaba,Limeira,"19142,62"
354680,SP,Sudeste,Metropolitana de SÒo Paulo,Guarulhos,"15027,08"
354690,SP,Sudeste,Araraquara,Araraquara,"10341,43"
354700,SP,Sudeste,Piracicaba,Piracicaba,"13758,86"
354710,SP,Sudeste,Presidente Prudente,Dracena,"12963,07"
354720,SP,Sudeste,SÒo JosÚ do Rio Preto,Jales,"13419,68"
354730,SP,Sudeste,Metropolitana de SÒo Paulo,Osasco,"33444,02"
354740,SP,Sudeste,SÒo JosÚ do Rio Preto,Jales,"18027,37"
354750,SP,Sudeste,RibeirÒo Preto,RibeirÒo Preto,"17555,42"
354760,SP,Sudeste,RibeirÒo Preto,RibeirÒo Preto,"20521,09"
354765,SP,Sudeste,SÒo JosÚ do Rio Preto,Jales,"21834,31"
354770,SP,Sudeste,Presidente Prudente,Presidente Prudente,"12209,77"
354780,SP,Sudeste,Metropolitana de SÒo Paulo,SÒo Paulo,"25609,3"
354790,SP,Sudeste,RibeirÒo Preto,Batatais,"16054,14"
354800,SP,Sudeste,Campinas,Moji Mirim,"18790,31"
354805,SP,Sudeste,Araþatuba,Araþatuba,"32885,9"
354810,SP,Sudeste,Campinas,SÒo JoÒo da Boa Vista,"17284,63"
354820,SP,Sudeste,Vale do ParaÝba Paulista,Campos do JordÒo,"9043,99"
354830,SP,Sudeste,Presidente Prudente,Presidente Prudente,"11147,32"
354840,SP,Sudeste,Araþatuba,Birigui,"12188,74"
354850,SP,Sudeste,Metropolitana de SÒo Paulo,Santos,"65790,53"
354860,SP,Sudeste,Vale do ParaÝba Paulista,Campos do JordÒo,"10164,82"
354870,SP,Sudeste,Metropolitana de SÒo Paulo,SÒo Paulo,"46495,62"
354880,SP,Sudeste,Metropolitana de SÒo Paulo,SÒo Paulo,"73605,89"
354890,SP,Sudeste,Araraquara,SÒo Carlos,"23124,86"
354900,SP,Sudeste,SÒo JosÚ do Rio Preto,Jales,"12078,97"
354910,SP,Sudeste,Campinas,SÒo JoÒo da Boa Vista,"21238,88"
354920,SP,Sudeste,SÒo JosÚ do Rio Preto,Fernand¾polis,"14471,81"
354925,SP,Sudeste,SÒo JosÚ do Rio Preto,Auriflama,"21604,5"
354930,SP,Sudeste,Presidente Prudente,Dracena,"20205,3"
354940,SP,Sudeste,RibeirÒo Preto,SÒo Joaquim da Barra,"23198,3"
354950,SP,Sudeste,RibeirÒo Preto,Franca,"18470,36"
354960,SP,Sudeste,Vale do ParaÝba Paulista,Bananal,"8125,97"
354970,SP,Sudeste,Campinas,SÒo JoÒo da Boa Vista,"21687,58"
354980,SP,Sudeste,SÒo JosÚ do Rio Preto,SÒo JosÚ do Rio Preto,"21991,26"
354990,SP,Sudeste,Vale do ParaÝba Paulista,SÒo JosÚ dos Campos,38431
354995,SP,Sudeste,Metropolitana de SÒo Paulo,Itapecerica da Serra,"11324,94"
355000,SP,Sudeste,Vale do ParaÝba Paulista,Paraibuna/Paraitinga,"8601,36"
355010,SP,Sudeste,Bauru,Botucatu,"21921,86"
355020,SP,Sudeste,Macro Metropolitana Paulista,Piedade,"14738,46"
355030,SP,Sudeste,Metropolitana de SÒo Paulo,SÒo Paulo,"39450,87"
355040,SP,Sudeste,Piracicaba,Piracicaba,"12870,41"
355050,SP,Sudeste,Assis,Ourinhos,"14811,02"
355060,SP,Sudeste,Macro Metropolitana Paulista,Sorocaba,"18050,42"
355070,SP,Sudeste,Vale do ParaÝba Paulista,Caraguatatuba,"42410,19"
355080,SP,Sudeste,Campinas,SÒo JoÒo da Boa Vista,"14131,63"
355090,SP,Sudeste,RibeirÒo Preto,RibeirÒo Preto,"17275,98"
355100,SP,Sudeste,Metropolitana de SÒo Paulo,Santos,"9859,22"
355110,SP,Sudeste,Macro Metropolitana Paulista,Sorocaba,"15175,45"
355120,SP,Sudeste,Assis,Ourinhos,"9321,71"
355130,SP,Sudeste,SÒo JosÚ do Rio Preto,Nhandeara,"35016,75"
355140,SP,Sudeste,RibeirÒo Preto,RibeirÒo Preto,"7283,78"
355150,SP,Sudeste,RibeirÒo Preto,RibeirÒo Preto,"20315,85"
355160,SP,Sudeste,Campinas,Amparo,"13713,04"
355170,SP,Sudeste,RibeirÒo Preto,RibeirÒo Preto,"43297,09"
355180,SP,Sudeste,Litoral Sul Paulista,Registro,"15260,43"
355190,SP,Sudeste,SÒo JosÚ do Rio Preto,Catanduva,"15428,67"
355200,SP,Sudeste,Vale do ParaÝba Paulista,Bananal,"8985,46"
355210,SP,Sudeste,Campinas,Amparo,"13062,56"
355220,SP,Sudeste,Macro Metropolitana Paulista,Sorocaba,"27506,28"
355230,SP,Sudeste,Araþatuba,Andradina,"26758,39"
355240,SP,Sudeste,Campinas,Campinas,"32505,56"
355250,SP,Sudeste,Metropolitana de SÒo Paulo,Mogi das Cruzes,"21936,27"
355255,SP,Sudeste,Araþatuba,Andradina,"34691,52"
355260,SP,Sudeste,SÒo JosÚ do Rio Preto,Catanduva,"15466,76"
355270,SP,Sudeste,Araraquara,Araraquara,"12475,4"
355280,SP,Sudeste,Metropolitana de SÒo Paulo,Itapecerica da Serra,"19643,78"
355290,SP,Sudeste,Presidente Prudente,Presidente Prudente,"52288,24"
355300,SP,Sudeste,Assis,Ourinhos,"15617,44"
355310,SP,Sudeste,RibeirÒo Preto,Jaboticabal,"13404,65"
355320,SP,Sudeste,RibeirÒo Preto,Jaboticabal,"13074,62"
355330,SP,Sudeste,Campinas,SÒo JoÒo da Boa Vista,"17499,57"
355340,SP,Sudeste,SÒo JosÚ do Rio Preto,SÒo JosÚ do Rio Preto,"14405,22"
355350,SP,Sudeste,Macro Metropolitana Paulista,Piedade,"9734,99"
355360,SP,Sudeste,Campinas,SÒo JoÒo da Boa Vista,"14585,53"
355365,SP,Sudeste,RibeirÒo Preto,Jaboticabal,"15792,2"
355370,SP,Sudeste,RibeirÒo Preto,Jaboticabal,"14425,09"
355380,SP,Sudeste,Itapetininga,Itapeva,"13797,24"
355385,SP,Sudeste,Itapetininga,Itapeva,"19376,96"
355390,SP,Sudeste,Presidente Prudente,Presidente Prudente,"8584,1"
355395,SP,Sudeste,Assis,Assis,"30087,95"
355400,SP,Sudeste,Itapetininga,TatuÝ,"20587,91"
355410,SP,Sudeste,Vale do ParaÝba Paulista,SÒo JosÚ dos Campos,"35083,2"
355420,SP,Sudeste,Assis,Ourinhos,"12560,74"
355430,SP,Sudeste,Presidente Prudente,Presidente Prudente,"12598,93"
355440,SP,Sudeste,RibeirÒo Preto,Jaboticabal,"11155,59"
355450,SP,Sudeste,Piracicaba,Piracicaba,"26536,67"
355460,SP,Sudeste,Assis,Ourinhos,"12556,36"
355465,SP,Sudeste,Itapetininga,TatuÝ,"7597,08"
355470,SP,Sudeste,Piracicaba,Rio Claro,"12271,29"
355475,SP,Sudeste,Araraquara,Araraquara,"16171,92"
355480,SP,Sudeste,Vale do ParaÝba Paulista,SÒo JosÚ dos Campos,"9619,07"
355490,SP,Sudeste,SÒo JosÚ do Rio Preto,Jales,"10784,82"
355495,SP,Sudeste,Macro Metropolitana Paulista,Braganþa Paulista,"11466,47"
355500,SP,Sudeste,MarÝlia,TupÒ,"16736,26"
355510,SP,Sudeste,Presidente Prudente,Dracena,"13472,89"
355520,SP,Sudeste,Araþatuba,Birigui,"25909,07"
355530,SP,Sudeste,SÒo JosÚ do Rio Preto,Fernand¾polis,"18974,8"
355535,SP,Sudeste,SÒo JosÚ do Rio Preto,SÒo JosÚ do Rio Preto,"15870,7"
355540,SP,Sudeste,Vale do ParaÝba Paulista,Caraguatatuba,"11671,58"
355550,SP,Sudeste,Bauru,Bauru,"12771,01"
355560,SP,Sudeste,SÒo JosÚ do Rio Preto,SÒo JosÚ do Rio Preto,"14157,4"
355570,SP,Sudeste,SÒo JosÚ do Rio Preto,Nhandeara,"28319,1"
355580,SP,Sudeste,SÒo JosÚ do Rio Preto,Jales,"12770,85"
355590,SP,Sudeste,Bauru,Bauru,"33373,84"
355600,SP,Sudeste,SÒo JosÚ do Rio Preto,Novo Horizonte,"14313,02"
355610,SP,Sudeste,SÒo JosÚ do Rio Preto,Votuporanga,"18143,39"
355620,SP,Sudeste,Campinas,Campinas,"33528,8"
355630,SP,Sudeste,Araþatuba,Araþatuba,"17397,61"
355635,SP,Sudeste,Macro Metropolitana Paulista,Braganþa Paulista,"8391,31"
355640,SP,Sudeste,Campinas,SÒo JoÒo da Boa Vista,"12438,41"
355645,SP,Sudeste,Metropolitana de SÒo Paulo,Itapecerica da Serra,"17483,99"
355650,SP,Sudeste,Macro Metropolitana Paulista,JundiaÝ,"15058,91"
355660,SP,Sudeste,MarÝlia,MarÝlia,"10725,5"
355670,SP,Sudeste,Campinas,Campinas,"105447,61"
355680,SP,Sudeste,RibeirÒo Preto,Jaboticabal,"9939,35"
355690,SP,Sudeste,RibeirÒo Preto,Jaboticabal,"24267,32"
355695,SP,Sudeste,SÒo JosÚ do Rio Preto,Jales,"13479,28"
355700,SP,Sudeste,Macro Metropolitana Paulista,Sorocaba,"19210,07"
355710,SP,Sudeste,SÒo JosÚ do Rio Preto,Votuporanga,"15836,52"
355715,SP,Sudeste,SÒo JosÚ do Rio Preto,SÒo JosÚ do Rio Preto,"23300,47"
355720,SP,Sudeste,Assis,Ourinhos,"21076,31"
355730,SP,Sudeste,Campinas,Moji Mirim,"19394,19"
260005,PE,Nordeste,Metropolitana de Recife,Recife,"8977,82"
260010,PE,Nordeste,SertÒo Pernambucano,Paje·,"5634,45"
260020,PE,Nordeste,SÒo Francisco Pernambucano,Petrolina,"4578,71"
260030,PE,Nordeste,Agreste Pernambucano,Brejo Pernambucano,"5536,69"
260040,PE,Nordeste,Mata Pernambucana,Mata Meridional Pernambucana,"4353,94"
260050,PE,Nordeste,Agreste Pernambucano,Vale do Ipanema,"4454,82"
260060,PE,Nordeste,Agreste Pernambucano,Vale do Ipojuca,"4608,15"
260070,PE,Nordeste,Mata Pernambucana,Mata Setentrional Pernambucana,"5012,97"
260080,PE,Nordeste,Agreste Pernambucano,Brejo Pernambucano,"4182,58"
260090,PE,Nordeste,Mata Pernambucana,Mata Meridional Pernambucana,"5152,84"
260100,PE,Nordeste,Agreste Pernambucano,Garanhuns,"4124,37"
260105,PE,Nordeste,Metropolitana de Recife,Itamaracß,"3550,52"
260110,PE,Nordeste,SertÒo Pernambucano,Araripina,"5347,29"
260120,PE,Nordeste,SertÒo Pernambucano,SertÒo do Moxot¾,"6013,25"
260130,PE,Nordeste,Agreste Pernambucano,Brejo Pernambucano,"4030,61"
260140,PE,Nordeste,Mata Pernambucana,Mata Meridional Pernambucana,"4941,81"
260150,PE,Nordeste,Mata Pernambucana,Mata Meridional Pernambucana,"4065,64"
260160,PE,Nordeste,SÒo Francisco Pernambucano,Itaparica,"5170,02"
260170,PE,Nordeste,Agreste Pernambucano,Vale do Ipojuca,"10835,77"
260180,PE,Nordeste,SertÒo Pernambucano,SertÒo do Moxot¾,"4052,99"
260190,PE,Nordeste,Agreste Pernambucano,Vale do Ipojuca,"5746,13"
260200,PE,Nordeste,SertÒo Pernambucano,Araripina,"4763,22"
260210,PE,Nordeste,Agreste Pernambucano,Garanhuns,"6826,26"
260220,PE,Nordeste,Agreste Pernambucano,MÚdio Capibaribe,"4953,3"
260230,PE,Nordeste,Agreste Pernambucano,Brejo Pernambucano,"5411,6"
260240,PE,Nordeste,Agreste Pernambucano,Garanhuns,"6256,92"
260250,PE,Nordeste,SertÒo Pernambucano,Paje·,"4144,37"
260260,PE,Nordeste,Agreste Pernambucano,Vale do Ipojuca,"4280,7"
260270,PE,Nordeste,Mata Pernambucana,Mata Setentrional Pernambucana,"4801,08"
260280,PE,Nordeste,Agreste Pernambucano,Vale do Ipanema,"5243,77"
260290,PE,Nordeste,Metropolitana de Recife,Suape,"24179,78"
260300,PE,Nordeste,SÒo Francisco Pernambucano,Petrolina,"6051,35"
260310,PE,Nordeste,Agreste Pernambucano,Vale do Ipojuca,"5491,25"
260320,PE,Nordeste,Agreste Pernambucano,Garanhuns,"3970,28"
260330,PE,Nordeste,Agreste Pernambucano,Garanhuns,"5031,52"
260340,PE,Nordeste,SertÒo Pernambucano,Paje·,"4364,98"
260345,PE,Nordeste,Metropolitana de Recife,Recife,"5237,1"
260350,PE,Nordeste,Agreste Pernambucano,Brejo Pernambucano,"5368,15"
260360,PE,Nordeste,Mata Pernambucana,Mata Setentrional Pernambucana,"18283,7"
260370,PE,Nordeste,Agreste Pernambucano,Garanhuns,"4330,8"
260380,PE,Nordeste,Agreste Pernambucano,Vale do Ipojuca,"4726,03"
260390,PE,Nordeste,SertÒo Pernambucano,Paje·,"3951,77"
260392,PE,Nordeste,SÒo Francisco Pernambucano,Itaparica,"4092,74"
260400,PE,Nordeste,Mata Pernambucana,Mata Setentrional Pernambucana,"7725,5"
260410,PE,Nordeste,Agreste Pernambucano,Vale do Ipojuca,"9536,83"
260415,PE,Nordeste,Agreste Pernambucano,Alto Capibaribe,"4894,78"
260420,PE,Nordeste,Mata Pernambucana,Mata Meridional Pernambucana,"5106,07"
260430,PE,Nordeste,SertÒo Pernambucano,Salgueiro,"4281,32"
260440,PE,Nordeste,Mata Pernambucana,Vit¾ria de Santo AntÒo,"4611,56"
260450,PE,Nordeste,Mata Pernambucana,Vit¾ria de Santo AntÒo,"5468,13"
260460,PE,Nordeste,Mata Pernambucana,Mata Setentrional Pernambucana,"4865,96"
260470,PE,Nordeste,Agreste Pernambucano,Garanhuns,"4611,35"
260480,PE,Nordeste,Mata Pernambucana,Mata Meridional Pernambucana,"8889,08"
260490,PE,Nordeste,Agreste Pernambucano,MÚdio Capibaribe,"5487,9"
260500,PE,Nordeste,Agreste Pernambucano,Brejo Pernambucano,"4915,87"
260510,PE,Nordeste,SertÒo Pernambucano,SertÒo do Moxot¾,"6052,05"
260515,PE,Nordeste,SÒo Francisco Pernambucano,Petrolina,"5628,02"
260520,PE,Nordeste,Mata Pernambucana,Mata Meridional Pernambucana,"7452,73"
260530,PE,Nordeste,SertÒo Pernambucano,Araripina,"4904,04"
260540,PE,Nordeste,Agreste Pernambucano,MÚdio Capibaribe,"4189,94"
260545,PE,Nordeste,Metropolitana de Recife,Fernando de Noronha,"12792,64"
260550,PE,Nordeste,Mata Pernambucana,Mata Setentrional Pernambucana,"5831,01"
260560,PE,Nordeste,SertÒo Pernambucano,Paje·,"4017,31"
260570,PE,Nordeste,SÒo Francisco Pernambucano,Itaparica,"9773,55"
260580,PE,Nordeste,Agreste Pernambucano,Alto Capibaribe,"4230,19"
260590,PE,Nordeste,Mata Pernambucana,Mata Meridional Pernambucana,"4148,19"
260600,PE,Nordeste,Agreste Pernambucano,Garanhuns,"8811,07"
260610,PE,Nordeste,Mata Pernambucana,Vit¾ria de Santo AntÒo,4011
260620,PE,Nordeste,Mata Pernambucana,Mata Setentrional Pernambucana,"9706,3"
260630,PE,Nordeste,SertÒo Pernambucano,Araripina,"5794,29"
260640,PE,Nordeste,Agreste Pernambucano,Vale do Ipojuca,"6171,47"
260650,PE,Nordeste,Agreste Pernambucano,Garanhuns,"4194,93"
260660,PE,Nordeste,SertÒo Pernambucano,SertÒo do Moxot¾,"5141,96"
260670,PE,Nordeste,Agreste Pernambucano,Brejo Pernambucano,"5396,38"
260680,PE,Nordeste,Metropolitana de Recife,Itamaracß,"11244,11"
260690,PE,Nordeste,SertÒo Pernambucano,Paje·,"4129,34"
260700,PE,Nordeste,SertÒo Pernambucano,SertÒo do Moxot¾,"4753,3"
260710,PE,Nordeste,SertÒo Pernambucano,Paje·,"4850,52"
260720,PE,Nordeste,Metropolitana de Recife,Suape,"112924,25"
260730,PE,Nordeste,SertÒo Pernambucano,Araripina,"4950,43"
260740,PE,Nordeste,SÒo Francisco Pernambucano,Itaparica,"6321,07"
260750,PE,Nordeste,Agreste Pernambucano,Vale do Ipanema,"6520,96"
260760,PE,Nordeste,Metropolitana de Recife,Itamaracß,"5417,67"
260765,PE,Nordeste,Mata Pernambucana,Mata Setentrional Pernambucana,"5694,57"
260770,PE,Nordeste,SertÒo Pernambucano,Paje·,"4275,34"
260775,PE,Nordeste,Metropolitana de Recife,Itamaracß,"20208,33"
260780,PE,Nordeste,Mata Pernambucana,Mata Setentrional Pernambucana,"6021,84"
260790,PE,Nordeste,Metropolitana de Recife,Recife,"12966,6"
260795,PE,Nordeste,Mata Pernambucana,Mata Meridional Pernambucana,"4637,87"
260800,PE,Nordeste,Agreste Pernambucano,Vale do Ipojuca,"4581,16"
260805,PE,Nordeste,SÒo Francisco Pernambucano,Itaparica,"4556,24"
260810,PE,Nordeste,Agreste Pernambucano,MÚdio Capibaribe,"4513,7"
260820,PE,Nordeste,Mata Pernambucana,Mata Meridional Pernambucana,"6720,58"
260825,PE,Nordeste,Agreste Pernambucano,Garanhuns,"4888,73"
260830,PE,Nordeste,Agreste Pernambucano,Garanhuns,"5266,88"
260840,PE,Nordeste,Agreste Pernambucano,Garanhuns,"4436,59"
260845,PE,Nordeste,Mata Pernambucana,Mata Setentrional Pernambucana,"4443,8"
260850,PE,Nordeste,Mata Pernambucana,Mata Setentrional Pernambucana,"10780,93"
260860,PE,Nordeste,Agreste Pernambucano,Garanhuns,"4495,61"
260870,PE,Nordeste,Agreste Pernambucano,Brejo Pernambucano,"4202,27"
260875,PE,Nordeste,SÒo Francisco Pernambucano,Petrolina,"11080,16"
260880,PE,Nordeste,Agreste Pernambucano,Garanhuns,"5313,86"
260890,PE,Nordeste,Agreste Pernambucano,MÚdio Capibaribe,"5842,05"
260900,PE,Nordeste,Mata Pernambucana,Mata Setentrional Pernambucana,"4969,21"
260910,PE,Nordeste,Agreste Pernambucano,MÚdio Capibaribe,"4978,37"
260915,PE,Nordeste,SertÒo Pernambucano,SertÒo do Moxot¾,"3791,09"
260920,PE,Nordeste,Mata Pernambucana,Mata Meridional Pernambucana,"7472,93"
260930,PE,Nordeste,SertÒo Pernambucano,Salgueiro,"4472,8"
260940,PE,Nordeste,Metropolitana de Recife,Recife,"5350,7"
260950,PE,Nordeste,Mata Pernambucana,Mata Setentrional Pernambucana,"7549,32"
260960,PE,Nordeste,Metropolitana de Recife,Recife,"8275,69"
260970,PE,Nordeste,Agreste Pernambucano,MÚdio Capibaribe,"4472,3"
260980,PE,Nordeste,SÒo Francisco Pernambucano,Petrolina,"8918,32"
260990,PE,Nordeste,SertÒo Pernambucano,Araripina,"4802,41"
261000,PE,Nordeste,Mata Pernambucana,Mata Meridional Pernambucana,"7848,39"
261010,PE,Nordeste,Agreste Pernambucano,Garanhuns,"5061,53"
261020,PE,Nordeste,Agreste Pernambucano,Brejo Pernambucano,"4104,42"
261030,PE,Nordeste,Agreste Pernambucano,Garanhuns,"4683,05"
261040,PE,Nordeste,SertÒo Pernambucano,Salgueiro,"5116,95"
261050,PE,Nordeste,Agreste Pernambucano,MÚdio Capibaribe,"4473,43"
261060,PE,Nordeste,Mata Pernambucana,Mata Setentrional Pernambucana,"5151,75"
261070,PE,Nordeste,Metropolitana de Recife,Recife,"7084,49"
261080,PE,Nordeste,Agreste Pernambucano,Vale do Ipanema,"6504,67"
261090,PE,Nordeste,Agreste Pernambucano,Vale do Ipojuca,"5507,33"
261100,PE,Nordeste,SÒo Francisco Pernambucano,Itaparica,"21715,14"
261110,PE,Nordeste,SÒo Francisco Pernambucano,Petrolina,"10708,48"
261120,PE,Nordeste,Agreste Pernambucano,Vale do Ipojuca,"4388,74"
261130,PE,Nordeste,Mata Pernambucana,Vit¾ria de Santo AntÒo,"5962,56"
261140,PE,Nordeste,Mata Pernambucana,Mata Meridional Pernambucana,"5190,09"
261150,PE,Nordeste,Mata Pernambucana,Mata Meridional Pernambucana,"5400,39"
261153,PE,Nordeste,SertÒo Pernambucano,Paje·,"4201,32"
261160,PE,Nordeste,Metropolitana de Recife,Recife,"19540,2"
261170,PE,Nordeste,Agreste Pernambucano,Vale do Ipojuca,"5275,75"
261180,PE,Nordeste,Mata Pernambucana,Mata Meridional Pernambucana,"5758,21"
261190,PE,Nordeste,Mata Pernambucana,Mata Meridional Pernambucana,"8308,92"
261200,PE,Nordeste,Agreste Pernambucano,Brejo Pernambucano,"7584,34"
261210,PE,Nordeste,Agreste Pernambucano,MÚdio Capibaribe,"5796,12"
261220,PE,Nordeste,SertÒo Pernambucano,Salgueiro,"7865,07"
261230,PE,Nordeste,Agreste Pernambucano,Garanhuns,"4610,77"
261240,PE,Nordeste,Agreste Pernambucano,Vale do Ipojuca,"4761,58"
261245,PE,Nordeste,SertÒo Pernambucano,Araripina,"4289,46"
261247,PE,Nordeste,SertÒo Pernambucano,Paje·,"3578,65"
261250,PE,Nordeste,Agreste Pernambucano,Alto Capibaribe,"6618,23"
261255,PE,Nordeste,SertÒo Pernambucano,Araripina,"3995,07"
261260,PE,Nordeste,SÒo Francisco Pernambucano,Petrolina,"6955,82"
261270,PE,Nordeste,Agreste Pernambucano,Alto Capibaribe,"5581,82"
261280,PE,Nordeste,SertÒo Pernambucano,Paje·,"3870,62"
261290,PE,Nordeste,Mata Pernambucana,Mata Meridional Pernambucana,"3734,22"
261300,PE,Nordeste,Agreste Pernambucano,Vale do Ipojuca,"5358,7"
261310,PE,Nordeste,Agreste Pernambucano,Vale do Ipojuca,"4485,17"
261320,PE,Nordeste,Agreste Pernambucano,Garanhuns,"4867,68"
261330,PE,Nordeste,Agreste Pernambucano,Brejo Pernambucano,"5541,93"
261340,PE,Nordeste,Mata Pernambucana,Mata Meridional Pernambucana,"4806,57"
261350,PE,Nordeste,SertÒo Pernambucano,Salgueiro,"4349,1"
261360,PE,Nordeste,SertÒo Pernambucano,Paje·,"5082,6"
261370,PE,Nordeste,Metropolitana de Recife,Recife,"5070,81"
261380,PE,Nordeste,Agreste Pernambucano,MÚdio Capibaribe,"5579,51"
261390,PE,Nordeste,SertÒo Pernambucano,Paje·,"8941,93"
261400,PE,Nordeste,SertÒo Pernambucano,Salgueiro,"4269,33"
261410,PE,Nordeste,SertÒo Pernambucano,SertÒo do Moxot¾,"5882,95"
261420,PE,Nordeste,Mata Pernambucana,Mata Meridional Pernambucana,"7914,8"
261430,PE,Nordeste,SertÒo Pernambucano,Araripina,"4550,58"
261440,PE,Nordeste,SertÒo Pernambucano,Paje·,"4391,47"
261450,PE,Nordeste,Agreste Pernambucano,Alto Capibaribe,"6117,23"
261460,PE,Nordeste,SertÒo Pernambucano,Paje·,"4282,37"
261470,PE,Nordeste,Agreste Pernambucano,Vale do Ipojuca,"4391,36"
261480,PE,Nordeste,SÒo Francisco Pernambucano,Itaparica,"3950,44"
261485,PE,Nordeste,Mata Pernambucana,Mata Meridional Pernambucana,"6644,9"
261500,PE,Nordeste,Agreste Pernambucano,Alto Capibaribe,"4672,63"
261510,PE,Nordeste,Agreste Pernambucano,Garanhuns,"4766,98"
261520,PE,Nordeste,SÒo Francisco Pernambucano,Petrolina,"4791,66"
261530,PE,Nordeste,Mata Pernambucana,Mata Setentrional Pernambucana,"8280,84"
261540,PE,Nordeste,Agreste Pernambucano,Alto Capibaribe,"6236,38"
261550,PE,Nordeste,Mata Pernambucana,Mata Setentrional Pernambucana,"5481,91"
261560,PE,Nordeste,SertÒo Pernambucano,Araripina,"5401,21"
261570,PE,Nordeste,SertÒo Pernambucano,Paje·,"4611,46"
261580,PE,Nordeste,Agreste Pernambucano,Vale do Ipanema,"4541,21"
261590,PE,Nordeste,SertÒo Pernambucano,Paje·,"4999,96"
261600,PE,Nordeste,Agreste Pernambucano,Vale do Ipanema,"5664,09"
261610,PE,Nordeste,SertÒo Pernambucano,Salgueiro,"4469,9"
261618,PE,Nordeste,Agreste Pernambucano,Alto Capibaribe,"8029,24"
261620,PE,Nordeste,Agreste Pernambucano,Alto Capibaribe,"5198,25"
261630,PE,Nordeste,Mata Pernambucana,Mata Setentrional Pernambucana,"5984,3"
261640,PE,Nordeste,Mata Pernambucana,Vit¾ria de Santo AntÒo,"9595,33"
261650,PE,Nordeste,Mata Pernambucana,Mata Meridional Pernambucana,"4529,13"